Customer ID,Customer Name,Segment,Region
CG-12520,Claire Gute,Consumer,South
DV-13045,Darrin Van Huff,Corporate,West
SO-20335,Sean O'Donnell,Consumer,South
BH-11710,Brosina Hoffman,Consumer,West
AA-10480,Andrew Allen,Consumer,South
IM-15070,Irene Maddox,Consumer,West
HP-14815,Harold Pawlan,Home Office,Central
PK-19075,Pete Kriz,Consumer,Central
AG-10270,Alejandro Grove,Consumer,West
ZD-21925,Zuschuss Donatelli,Consumer,West
KB-16585,Ken Black,Corporate,Central
SF-20065,Sandra Flanagan,Consumer,East
EB-13870,Emily Burns,Consumer,West
EH-13945,Eric Hoffmann,Consumer,West
TB-21520,Tracy Blumstein,Consumer,East
MA-17560,Matt Abelman,Home Office,Central
GH-14485,Gene Hale,Corporate,Central
SN-20710,Steve Nguyen,Home Office,Central
LC-16930,Linda Cazamias,Corporate,Central
RA-19885,Ruben Ausman,Corporate,West
ES-14080,Erin Smith,Corporate,South
ON-18715,Odella Nelson,Corporate,Central
PO-18865,Patrick O'Donnell,Consumer,Central
LH-16900,Lena Hernandez,Consumer,East
DP-13000,Darren Powers,Consumer,Central
JM-15265,Janet Molinari,Corporate,East
TB-21055,Ted Butterfield,Consumer,East
KM-16720,Kunst Miller,Consumer,West
PS-18970,Paul Stevenson,Home Office,Central
BS-11590,Brendan Sweed,Corporate,West
KD-16270,Karen Daniels,Consumer,South
HM-14980,Henry MacAllister,Consumer,East
TB-21520,Tracy Blumstein,Consumer,Central
JE-15745,Joel Eaton,Consumer,South
KB-16600,Ken Brennan,Corporate,Central
JE-15745,Joel Eaton,Consumer,Central
SC-20770,Stewart Carmichael,Corporate,South
DN-13690,Duane Noonan,Consumer,West
JC-16105,Julie Creighton,Corporate,South
CS-12400,Christopher Schild,Home Office,Central
PO-18865,Patrick O'Donnell,Consumer,South
PG-18895,Paul Gonzalez,Consumer,Central
GM-14455,Gary Mitchum,Home Office,Central
JS-15685,Jim Sink,Corporate,West
KB-16315,Karl Braun,Consumer,Central
RB-19705,Roger Barcio,Home Office,West
PN-18775,Parhena Norris,Home Office,East
KD-16345,Katherine Ducich,Consumer,West
ER-13855,Elpida Rittenbach,Corporate,Central
RB-19465,Rick Bensley,Home Office,Central
GZ-14470,Gary Zandusky,Consumer,Central
LC-16870,Lena Cacioppo,Consumer,West
JM-15250,Janet Martin,Consumer,South
PA-19060,Pete Armstrong,Home Office,Central
CV-12805,Cynthia Voltz,Corporate,East
CL-12565,Clay Ludtke,Consumer,Central
RC-19960,Ryan Crowe,Consumer,East
DK-13090,Dave Kipp,Consumer,West
GG-14650,Greg Guthrie,Corporate,South
SC-20725,Steven Cartwright,Consumer,East
AD-10180,Alan Dominguez,Home Office,Central
PF-19165,Philip Fox,Consumer,Central
TS-21610,Troy Staebel,Consumer,West
LS-16975,Lindsay Shagiari,Home Office,West
DW-13585,Dorothy Wardle,Corporate,East
LC-16885,Lena Creighton,Consumer,West
JD-15895,Jonathan Doherty,Corporate,East
SH-19975,Sally Hughsby,Corporate,West
SG-20080,Sandra Glassco,Consumer,Central
HA-14920,Helen Andreada,Consumer,West
MG-17680,Maureen Gastineau,Home Office,East
JE-16165,Justin Ellison,Corporate,Central
TW-21025,Tamara Willingham,Home Office,West
SP-20650,Stephanie Phelps,Corporate,West
NK-18490,Neil Knudson,Home Office,West
DB-13060,Dave Brooks,Consumer,West
NP-18670,Nora Paige,Consumer,Central
TT-21070,Ted Trevino,Consumer,West
EM-13960,Eric Murdock,Consumer,East
RD-19900,Ruben Dartt,Consumer,West
MJ-17740,Max Jones,Consumer,West
BM-11140,Becky Martin,Consumer,Central
CS-12130,Chad Sievert,Consumer,West
JB-15400,Jennifer Braxton,Corporate,Central
SJ-20500,Shirley Jackson,Consumer,Central
JE-15745,Joel Eaton,Consumer,East
JK-15640,Jim Kriz,Home Office,East
DK-13150,David Kendrick,Corporate,Central
RM-19675,Robert Marley,Home Office,South
SK-19990,Sally Knutson,Consumer,East
FM-14290,Frank Merwin,Home Office,West
AM-10360,Alice McCarthy,Corporate,Central
MP-17470,Mark Packer,Home Office,East
MZ-17515,Mary Zewe,Corporate,West
CB-12025,Cassandra Brandow,Consumer,East
VM-21685,Valerie Mitchum,Home Office,East
FH-14365,Fred Hopkins,Corporate,East
MB-17305,Maria Bertelson,Consumer,East
BS-11755,Bruce Stewart,Consumer,West
LC-17140,Logan Currie,Consumer,Central
HK-14890,Heather Kirkland,Corporate,South
LE-16810,Laurel Elliston,Consumer,West
JH-15985,Joseph Holt,Consumer,Central
MS-17980,Michael Stewart,Corporate,Central
VW-21775,Victoria Wilson,Corporate,East
JH-15910,Jonathan Howell,Consumer,West
JB-15925,Joni Blumstein,Consumer,East
DS-13180,David Smith,Corporate,Central
VD-21670,Valerie Dominguez,Consumer,South
EA-14035,Erin Ashbrook,Corporate,South
CS-12400,Christopher Schild,Home Office,South
DB-13120,David Bremer,Corporate,West
KL-16645,Ken Lonsdale,Consumer,Central
DW-13480,Dianna Wilson,Home Office,Central
LH-17155,Logan Haushalter,Consumer,West
KC-16540,Kelly Collister,Consumer,West
DL-13315,Delfina Latchford,Consumer,East
DR-12880,Dan Reichenbach,Corporate,Central
CC-12670,Craig Carreira,Consumer,East
Dl-13600,Dorris liebe,Corporate,Central
SB-20290,Sean Braxton,Corporate,Central
RC-19825,Roy Collins,Consumer,Central
AH-10210,Alan Hwang,Consumer,West
CB-12535,Claudia Bergmann,Corporate,South
PG-18895,Paul Gonzalez,Consumer,East
CA-12310,Christine Abelman,Corporate,East
KH-16690,Kristen Hastings,Corporate,West
BB-10990,Barry Blumstein,Corporate,West
AG-10495,Andrew Gjertsen,Corporate,East
SC-20725,Steven Cartwright,Consumer,Central
JO-15280,Jas O'Carroll,Consumer,West
TB-21520,Tracy Blumstein,Consumer,West
AH-10195,Alan Haines,Corporate,South
NZ-18565,Nick Zandusky,Home Office,East
KL-16555,Kelly Lampkin,Corporate,West
JH-15910,Jonathan Howell,Consumer,Central
AS-10225,Alan Schoenberger,Corporate,East
CR-12625,Corey Roper,Home Office,East
SH-20395,Shahid Hopkins,Consumer,South
BP-11185,Ben Peterman,Corporate,West
TS-21205,Thomas Seio,Corporate,East
AG-10525,Andy Gerbode,Corporate,South
SP-20860,Sung Pak,Corporate,East
NM-18445,Nathan Mautz,Home Office,East
FA-14230,Frank Atkinson,Corporate,West
GK-14620,Grace Kelly,Corporate,West
DJ-13510,Don Jones,Corporate,South
PO-18850,Patrick O'Brill,Consumer,East
JL-15850,John Lucas,Consumer,East
DB-13615,Doug Bickford,Consumer,West
AC-10420,Alyssa Crouse,Corporate,West
KL-16645,Ken Lonsdale,Consumer,West
CS-12130,Chad Sievert,Consumer,Central
CC-12550,Clay Cheatham,Consumer,West
TD-20995,Tamara Dahlen,Consumer,East
AB-10060,Adam Bellavance,Home Office,East
JL-15505,Jeremy Lonsdale,Consumer,East
VB-21745,Victoria Brennan,Corporate,South
KW-16435,Katrina Willman,Consumer,East
JD-16060,Julia Dunbar,Consumer,West
MK-17905,Michael Kennedy,Corporate,East
GT-14755,Guy Thornton,Consumer,Central
AG-10900,Arthur Gainer,Consumer,West
MM-18280,Muhammed MacIntyre,Corporate,Central
AR-10405,Allen Rosenblatt,Corporate,East
RA-19915,Russell Applegate,Consumer,Central
AS-10285,Alejandro Savely,Corporate,West
LA-16780,Laura Armstrong,Corporate,Central
DO-13435,Denny Ordway,Consumer,South
DK-13225,Dean Katz,Corporate,East
NG-18430,Nathan Gelder,Consumer,East
MV-18190,Mike Vittorini,Consumer,East
JG-15115,Jack Garza,Consumer,West
BP-11095,Bart Pistole,Corporate,Central
VP-21730,Victor Preis,Home Office,West
SS-20140,Saphhira Shifley,Corporate,East
AG-10675,Anna Gayman,Consumer,Central
LF-17185,Luke Foster,Consumer,South
SP-20650,Stephanie Phelps,Corporate,South
RF-19840,Roy Französisch,Consumer,East
KH-16510,Keith Herrera,Consumer,West
KC-16675,Kimberly Carter,Corporate,West
CJ-12010,Caroline Jumper,Consumer,West
PB-19150,Philip Brown,Consumer,West
SP-20860,Sung Pak,Corporate,West
JE-15745,Joel Eaton,Consumer,West
MP-17965,Michael Paige,Corporate,East
NF-18385,Natalie Fritzler,Consumer,South
JM-15265,Janet Molinari,Corporate,Central
SD-20485,Shirley Daniels,Home Office,East
KH-16630,Ken Heidel,Corporate,Central
RB-19795,Ross Baird,Home Office,South
DB-13060,Dave Brooks,Consumer,East
MK-18160,Mike Kennedy,Consumer,South
PO-19180,Philisse Overcash,Home Office,Central
BB-11545,Brenda Bowman,Corporate,Central
TB-21595,Troy Blackwell,Consumer,Central
RB-19360,Raymond Buch,Consumer,East
EB-13705,Ed Braxton,Corporate,East
SC-20095,Sanjit Chand,Consumer,West
NF-18385,Natalie Fritzler,Consumer,Central
JH-15985,Joseph Holt,Consumer,West
TN-21040,Tanja Norvell,Home Office,West
JS-15940,Joni Sundaresam,Home Office,Central
CC-12670,Craig Carreira,Consumer,Central
MH-17785,Maya Herman,Corporate,East
JP-15520,Jeremy Pistek,Consumer,West
JE-15475,Jeremy Ellison,Consumer,East
JG-15805,John Grady,Corporate,East
XP-21865,Xylona Preis,Consumer,West
EM-14065,Erin Mull,Consumer,East
MT-18070,Michelle Tran,Home Office,West
SA-20830,Sue Ann Reed,Consumer,Central
CW-11905,Carl Weiss,Home Office,Central
AJ-10960,Astrea Jones,Consumer,East
SS-20590,Sonia Sunley,Consumer,West
RO-19780,Rose O'Brian,Consumer,South
MD-17350,Maribeth Dona,Consumer,South
MY-17380,Maribeth Yedwab,Corporate,West
CM-12385,Christopher Martinez,Consumer,South
LS-17245,Lynn Smith,Consumer,Central
LF-17185,Luke Foster,Consumer,East
BN-11515,Bradley Nguyen,Consumer,West
AD-10180,Alan Dominguez,Home Office,West
DB-13210,Dean Braden,Consumer,Central
MC-17605,Matt Connell,Corporate,Central
BD-11605,Brian Dahlen,Consumer,East
PH-18790,Patricia Hirasaki,Home Office,South
MG-18145,Mike Gockenbach,Consumer,East
KB-16240,Karen Bern,Corporate,West
JC-15340,Jasper Cacioppo,Consumer,West
RL-19615,Rob Lucas,Consumer,South
AA-10375,Allen Armold,Consumer,West
EP-13915,Emily Phan,Consumer,Central
DK-12985,Darren Koutras,Consumer,South
BD-11500,Bradley Drucker,Consumer,Central
ES-14080,Erin Smith,Corporate,West
LM-17065,Liz MacKendrick,Consumer,East
AS-10135,Adrian Shami,Home Office,East
DK-13225,Dean Katz,Corporate,Central
BD-11320,Bill Donatelli,Consumer,West
RC-19960,Ryan Crowe,Consumer,South
GT-14710,Greg Tran,Consumer,Central
DK-13225,Dean Katz,Corporate,West
AJ-10945,Ashley Jarboe,Consumer,South
OT-18730,Olvera Toch,Consumer,West
LP-17080,Liz Pelletier,Consumer,West
CA-12775,Cynthia Arntzen,Consumer,South
JF-15490,Jeremy Farry,Consumer,West
FP-14320,Frank Preis,Consumer,West
EB-13840,Ellis Ballard,Corporate,West
JF-15415,Jennifer Ferguson,Consumer,East
SF-20200,Sarah Foster,Consumer,West
TG-21640,Trudy Glocke,Consumer,West
CS-11950,Carlos Soltero,Consumer,Central
CC-12145,Charles Crestani,Consumer,West
DV-13465,Dianna Vittorini,Consumer,West
BD-11725,Bruce Degenhardt,Consumer,South
ZC-21910,Zuschuss Carroll,Consumer,West
MS-17830,Melanie Seite,Consumer,Central
LR-16915,Lena Radford,Consumer,West
TP-21130,Theone Pippenger,Consumer,East
CK-12205,Chloris Kastensmidt,Consumer,East
AS-10240,Alan Shonely,Consumer,South
AR-10510,Andrew Roberts,Consumer,East
NB-18655,Nona Balk,Corporate,Central
GD-14590,Giulietta Dortch,Corporate,East
CK-12595,Clytie Kelty,Consumer,East
NG-18355,Nat Gilpin,Corporate,East
CA-12265,Christina Anderson,Consumer,Central
SF-20965,Sylvia Foulston,Corporate,Central
MO-17800,Meg O'Connel,Home Office,East
AT-10735,Annie Thurman,Consumer,West
LC-17140,Logan Currie,Consumer,West
FM-14380,Fred McMath,Consumer,West
BD-11605,Brian Dahlen,Consumer,South
DJ-13420,Denny Joy,Corporate,South
ME-17725,Max Engle,Consumer,West
RB-19465,Rick Bensley,Home Office,West
JD-16150,Justin Deggeller,Corporate,Central
JL-15835,John Lee,Consumer,West
SC-20305,Sean Christensen,Consumer,Central
TW-21025,Tamara Willingham,Home Office,East
CC-12430,Chuck Clark,Home Office,Central
AR-10825,Anthony Rawles,Corporate,West
SR-20740,Steven Roelle,Home Office,East
CR-12730,Craig Reiter,Consumer,East
EH-14125,Eugene Hildebrand,Home Office,Central
CB-12025,Cassandra Brandow,Consumer,Central
SP-20545,Sibella Parks,Corporate,East
RC-19825,Roy Collins,Consumer,South
TH-21235,Tiffany House,Corporate,Central
RP-19390,Resi Pölking,Consumer,East
MO-17800,Meg O'Connel,Home Office,Central
TD-20995,Tamara Dahlen,Consumer,Central
RB-19570,Rob Beeghly,Consumer,Central
CD-11980,Carol Darley,Consumer,Central
DJ-13630,Doug Jacobs,Consumer,East
GT-14635,Grant Thornton,Corporate,South
MC-17845,Michael Chen,Consumer,South
RA-19285,Ralph Arnett,Consumer,East
NP-18325,Naresj Patel,Consumer,South
AB-10165,Alan Barnes,Consumer,West
JO-15550,Jesus Ocampo,Home Office,East
Dl-13600,Dorris liebe,Corporate,East
JK-15370,Jay Kimmel,Consumer,West
BN-11470,Brad Norvell,Corporate,South
DP-13165,David Philippe,Consumer,East
TH-21550,Tracy Hopkins,Home Office,East
AP-10915,Arthur Prichep,Consumer,South
RS-19765,Roland Schwarz,Corporate,East
Dl-13600,Dorris liebe,Corporate,West
SV-20365,Seth Vernon,Consumer,East
KC-16540,Kelly Collister,Consumer,East
CK-12325,Christine Kargatis,Home Office,West
RD-19810,Ross DeVincentis,Home Office,West
MP-17965,Michael Paige,Corporate,Central
MR-17545,Mathew Reese,Home Office,East
SC-20695,Steve Chapman,Corporate,South
JF-15355,Jay Fein,Consumer,Central
EG-13900,Emily Grady,Consumer,East
DS-13030,Darrin Sayre,Home Office,West
GZ-14470,Gary Zandusky,Consumer,West
PO-19195,Phillina Ober,Home Office,Central
SS-20875,Sung Shariari,Consumer,Central
MH-17785,Maya Herman,Corporate,West
PB-19105,Peter Bühler,Consumer,Central
RF-19735,Roland Fjeld,Consumer,Central
YC-21895,Yoseph Carroll,Corporate,West
MS-17830,Melanie Seite,Consumer,West
NB-18655,Nona Balk,Corporate,South
DC-13285,Debra Catini,Consumer,Central
CP-12340,Christine Phan,Corporate,East
BF-11020,Barry Französisch,Corporate,Central
AR-10510,Andrew Roberts,Consumer,West
LH-17020,Lisa Hazard,Consumer,East
CS-12250,Chris Selesnick,Corporate,South
AJ-10795,Anthony Johnson,Corporate,South
LE-16810,Laurel Elliston,Consumer,South
BV-11245,Benjamin Venier,Corporate,Central
DL-12865,Dan Lawera,Consumer,East
NZ-18565,Nick Zandusky,Home Office,West
BM-11785,Bryan Mills,Consumer,East
CL-12565,Clay Ludtke,Consumer,West
LT-17110,Liz Thompson,Consumer,West
SA-20830,Sue Ann Reed,Consumer,South
JK-15730,Joe Kamberova,Consumer,South
ES-14020,Erica Smith,Consumer,West
RH-19495,Rick Hansen,Consumer,Central
DB-13120,David Bremer,Corporate,East
CD-11920,Carlos Daly,Consumer,West
HW-14935,Helen Wasserman,Corporate,West
HW-14935,Helen Wasserman,Corporate,East
MC-18130,Mike Caudle,Corporate,South
GM-14440,Gary McGarr,Consumer,West
RA-19915,Russell Applegate,Consumer,West
AA-10375,Allen Armold,Consumer,Central
PJ-19015,Pauline Johnson,Consumer,West
BW-11110,Bart Watters,Corporate,Central
DB-13210,Dean Braden,Consumer,East
CA-12775,Cynthia Arntzen,Consumer,East
TR-21325,Toby Ritter,Consumer,East
PG-18820,Patrick Gardner,Consumer,West
JB-15400,Jennifer Braxton,Corporate,South
LH-17020,Lisa Hazard,Consumer,Central
JL-15175,James Lanier,Home Office,South
EB-13705,Ed Braxton,Corporate,Central
BM-11650,Brian Moss,Corporate,East
EM-14095,Eudokia Martin,Corporate,West
AF-10885,Art Foster,Consumer,South
GA-14725,Guy Armstrong,Consumer,East
CK-12760,Cyma Kinney,Corporate,East
DP-13105,Dave Poirier,Corporate,West
GT-14710,Greg Tran,Consumer,East
BK-11260,Berenike Kampe,Consumer,East
SJ-20125,Sanjit Jacobs,Home Office,East
CM-12445,Chuck Magee,Consumer,West
AJ-10780,Anthony Jacobs,Corporate,South
LS-16945,Linda Southworth,Corporate,East
GP-14740,Guy Phonely,Corporate,East
PK-18910,Paul Knutson,Home Office,East
SM-20005,Sally Matthias,Consumer,East
GA-14725,Guy Armstrong,Consumer,South
CC-12430,Chuck Clark,Home Office,East
AG-10765,Anthony Garverick,Home Office,East
HP-14815,Harold Pawlan,Home Office,East
DK-13090,Dave Kipp,Consumer,South
PM-19135,Peter McVee,Home Office,Central
LL-16840,Lauren Leatherbury,Consumer,East
JS-15595,Jill Stevenson,Corporate,West
EL-13735,Ed Ludwig,Home Office,East
CK-12760,Cyma Kinney,Corporate,West
TH-21550,Tracy Hopkins,Home Office,Central
PC-18745,Pamela Coakley,Corporate,West
HL-15040,Hunter Lopez,Consumer,Central
MS-17365,Maribeth Schnelling,Consumer,Central
GB-14530,George Bell,Corporate,East
JR-16210,Justin Ritter,Corporate,East
DB-13060,Dave Brooks,Consumer,Central
PO-18865,Patrick O'Donnell,Consumer,East
BE-11335,Bill Eplett,Home Office,Central
SC-20050,Sample Company A,Home Office,East
BM-11650,Brian Moss,Corporate,Central
KL-16555,Kelly Lampkin,Corporate,Central
RW-19630,Rob Williams,Corporate,Central
SE-20110,Sanjit Engle,Consumer,East
AH-10075,Adam Hart,Corporate,East
JM-15535,Jessica Myrick,Consumer,East
JJ-15760,Joel Jenkins,Home Office,South
AB-10165,Alan Barnes,Consumer,East
RK-19300,Ralph Kennedy,Consumer,East
CG-12040,Catherine Glotzbach,Home Office,East
RP-19270,Rachel Payne,Corporate,West
KC-16255,Karen Carlisle,Corporate,West
RW-19630,Rob Williams,Corporate,West
JL-15850,John Lucas,Consumer,West
CA-12775,Cynthia Arntzen,Consumer,West
RB-19795,Ross Baird,Home Office,East
KH-16360,Katherine Hughes,Consumer,East
GH-14665,Greg Hansen,Consumer,Central
SW-20275,Scott Williamson,Consumer,South
JA-15970,Joseph Airdo,Consumer,West
DL-12925,Daniel Lacy,Consumer,West
LW-16990,Lindsay Williams,Corporate,West
TB-21190,Thomas Brumley,Home Office,South
CV-12805,Cynthia Voltz,Corporate,West
MS-17365,Maribeth Schnelling,Consumer,South
BS-11800,Bryan Spruell,Home Office,East
PO-19195,Phillina Ober,Home Office,East
TD-20995,Tamara Dahlen,Consumer,West
RW-19690,Robert Waldorf,Consumer,South
EB-13870,Emily Burns,Consumer,East
TZ-21580,Tracy Zic,Consumer,West
AS-10630,Ann Steele,Home Office,Central
TS-21340,Toby Swindell,Consumer,Central
SL-20155,Sara Luxemburg,Home Office,South
TS-21610,Troy Staebel,Consumer,East
RF-19735,Roland Fjeld,Consumer,West
MW-18235,Mitch Willingham,Corporate,South
RD-19585,Rob Dowd,Consumer,South
RH-19495,Rick Hansen,Consumer,East
RA-19945,Ryan Akin,Consumer,West
MT-17815,Meg Tillman,Consumer,West
PO-18850,Patrick O'Brill,Consumer,Central
AT-10735,Annie Thurman,Consumer,Central
VG-21790,Vivek Gonzalez,Consumer,West
PF-19165,Philip Fox,Consumer,West
JS-15880,John Stevenson,Consumer,West
MO-17800,Meg O'Connel,Home Office,West
KM-16225,Kalyca Meade,Corporate,East
PB-19150,Philip Brown,Consumer,East
HR-14770,Hallie Redmond,Home Office,West
DE-13255,Deanra Eno,Home Office,East
LA-16780,Laura Armstrong,Corporate,East
AG-10390,Allen Goldenen,Consumer,East
EL-13735,Ed Ludwig,Home Office,Central
JJ-15445,Jennifer Jackson,Consumer,West
JH-15430,Jennifer Halladay,Consumer,South
RD-19660,Robert Dilbeck,Home Office,Central
MO-17500,Mary O'Rourke,Consumer,East
NS-18640,Noel Staavos,Corporate,Central
ZC-21910,Zuschuss Carroll,Consumer,South
DG-13300,Deirdre Greer,Corporate,East
NF-18595,Nicole Fjeld,Home Office,East
MG-17650,Matthew Grinstein,Home Office,East
JD-16060,Julia Dunbar,Consumer,Central
TS-21160,Theresa Swint,Corporate,East
BD-11620,Brian DeCherney,Consumer,West
CM-12160,Charles McCrossin,Consumer,Central
SN-20560,Skye Norling,Home Office,West
EH-14005,Erica Hernandez,Home Office,West
FO-14305,Frank Olsen,Consumer,East
MS-17710,Maurice Satty,Consumer,West
CC-12100,Chad Cunningham,Home Office,Central
DW-13540,Don Weiss,Consumer,West
BT-11395,Bill Tyler,Corporate,Central
KD-16270,Karen Daniels,Consumer,East
LC-16870,Lena Cacioppo,Consumer,Central
CY-12745,Craig Yedwab,Corporate,West
LW-16990,Lindsay Williams,Corporate,South
NP-18325,Naresj Patel,Consumer,West
BT-11485,Brad Thomas,Home Office,East
PS-19045,Penelope Sewall,Home Office,South
NS-18640,Noel Staavos,Corporate,West
PV-18985,Paul Van Hugh,Home Office,West
RP-19390,Resi Pölking,Consumer,Central
NM-18520,Neoma Murray,Consumer,West
EH-13945,Eric Hoffmann,Consumer,Central
DL-13495,Dionis Lloyd,Corporate,West
CS-12355,Christine Sundaresam,Consumer,South
HL-15040,Hunter Lopez,Consumer,South
GG-14650,Greg Guthrie,Corporate,West
JS-15940,Joni Sundaresam,Home Office,East
LR-16915,Lena Radford,Consumer,South
FH-14275,Frank Hawley,Corporate,Central
AP-10915,Arthur Prichep,Consumer,West
NC-18340,Nat Carroll,Consumer,Central
CB-12535,Claudia Bergmann,Corporate,East
GB-14530,George Bell,Corporate,West
AA-10315,Alex Avila,Consumer,Central
LT-16765,Larry Tron,Consumer,West
AP-10720,Anne Pryor,Home Office,East
PM-18940,Paul MacIntyre,Consumer,Central
SW-20275,Scott Williamson,Consumer,Central
LT-17110,Liz Thompson,Consumer,Central
DP-13105,Dave Poirier,Corporate,East
AT-10435,Alyssa Tate,Home Office,West
CA-12055,Cathy Armstrong,Home Office,Central
RB-19570,Rob Beeghly,Consumer,South
HR-14830,Harold Ryan,Corporate,West
BT-11530,Bradley Talbott,Home Office,West
NG-18355,Nat Gilpin,Corporate,South
ZC-21910,Zuschuss Carroll,Consumer,Central
LS-16945,Linda Southworth,Corporate,West
LH-16750,Larry Hughes,Consumer,South
SW-20755,Steven Ward,Corporate,East
SP-20620,Stefania Perrino,Corporate,East
BF-11170,Ben Ferrer,Home Office,West
BM-11140,Becky Martin,Consumer,East
KT-16480,Kean Thornton,Consumer,East
BG-11695,Brooke Gillingham,Corporate,East
PG-18820,Patrick Gardner,Consumer,South
GM-14680,Greg Matthias,Consumer,West
PG-18820,Patrick Gardner,Consumer,East
EJ-14155,Eva Jacobs,Consumer,South
NP-18700,Nora Preis,Consumer,West
IM-15070,Irene Maddox,Consumer,Central
MH-18115,Mick Hernandez,Home Office,East
JR-15700,Jocasta Rupert,Consumer,South
SM-20950,Suzanne McNair,Corporate,South
CS-12355,Christine Sundaresam,Consumer,East
CC-12220,Chris Cortes,Consumer,Central
PF-19225,Phillip Flathmann,Consumer,West
JC-16105,Julie Creighton,Corporate,West
BG-11695,Brooke Gillingham,Corporate,West
DC-12850,Dan Campbell,Consumer,South
SP-20545,Sibella Parks,Corporate,Central
MS-17710,Maurice Satty,Consumer,Central
BD-11770,Bryan Davis,Consumer,Central
KC-16255,Karen Carlisle,Corporate,South
TR-21325,Toby Ritter,Consumer,Central
KW-16435,Katrina Willman,Consumer,Central
GM-14500,Gene McClure,Consumer,East
AD-10180,Alan Dominguez,Home Office,East
TB-21355,Todd Boyes,Corporate,East
CC-12430,Chuck Clark,Home Office,West
JH-16180,Justin Hirsh,Consumer,West
EB-13975,Erica Bern,Corporate,West
QJ-19255,Quincy Jones,Corporate,Central
AA-10315,Alex Avila,Consumer,West
LC-17140,Logan Currie,Consumer,South
TC-21535,Tracy Collins,Home Office,South
CS-12460,Chuck Sachs,Consumer,South
BM-11785,Bryan Mills,Consumer,Central
RC-19825,Roy Collins,Consumer,West
FM-14380,Fred McMath,Consumer,East
PK-19075,Pete Kriz,Consumer,East
HG-14965,Henry Goldwyn,Corporate,West
HA-14920,Helen Andreada,Consumer,East
LW-16825,Laurel Workman,Corporate,South
MC-17575,Matt Collins,Consumer,East
LP-17095,Liz Preis,Consumer,South
EB-14170,Evan Bailliet,Consumer,South
GZ-14545,George Zrebassa,Corporate,East
LE-16810,Laurel Elliston,Consumer,Central
CP-12085,Cathy Prescott,Corporate,East
FG-14260,Frank Gastineau,Home Office,West
LD-17005,Lisa DeCherney,Consumer,West
AB-10255,Alejandro Ballentine,Home Office,East
MN-17935,Michael Nguyen,Consumer,Central
HP-14815,Harold Pawlan,Home Office,West
JR-15670,Jim Radford,Consumer,East
JF-15190,Jamie Frazer,Consumer,West
CM-12115,Chad McGuire,Consumer,East
AS-10045,Aaron Smayling,Corporate,South
KB-16315,Karl Braun,Consumer,East
BN-11515,Bradley Nguyen,Consumer,Central
BP-11290,Beth Paige,Consumer,Central
DC-12850,Dan Campbell,Consumer,Central
ND-18370,Natalie DeCherney,Consumer,South
LB-16735,Larry Blacks,Consumer,Central
KT-16465,Kean Takahito,Consumer,West
HM-14860,Harry Marie,Corporate,East
AB-10600,Ann Blume,Corporate,West
SZ-20035,Sam Zeldin,Home Office,West
JR-15670,Jim Radford,Consumer,West
MG-17890,Michael Granlund,Home Office,East
CA-12265,Christina Anderson,Consumer,West
VD-21670,Valerie Dominguez,Consumer,West
JK-16120,Julie Kriz,Home Office,Central
PP-18955,Paul Prost,Home Office,South
YS-21880,Yana Sorensen,Corporate,South
CK-12760,Cyma Kinney,Corporate,Central
NC-18340,Nat Carroll,Consumer,East
KM-16375,Katherine Murray,Home Office,South
GM-14455,Gary Mitchum,Home Office,East
AB-10105,Adrian Barton,Consumer,West
SZ-20035,Sam Zeldin,Home Office,Central
HA-14905,Helen Abelman,Consumer,East
BT-11305,Beth Thompson,Home Office,West
SV-20815,Stuart Van,Corporate,Central
RW-19540,Rick Wilson,Corporate,West
DK-12835,Damala Kotsonis,Corporate,West
LT-17110,Liz Thompson,Consumer,East
IM-15070,Irene Maddox,Consumer,South
ST-20530,Shui Tom,Consumer,East
BD-11320,Bill Donatelli,Consumer,East
MM-17920,Michael Moore,Consumer,West
PW-19030,Pauline Webber,Corporate,South
SC-20440,Shaun Chance,Corporate,West
SD-20485,Shirley Daniels,Home Office,Central
JB-15400,Jennifer Braxton,Corporate,West
TS-21085,Thais Sissman,Consumer,West
MC-17425,Mark Cousins,Corporate,South
ME-17320,Maria Etezadi,Home Office,South
SC-20440,Shaun Chance,Corporate,East
NH-18610,Nicole Hansen,Corporate,Central
AA-10480,Andrew Allen,Consumer,East
MB-18085,Mick Brown,Consumer,East
KD-16495,Keith Dawkins,Corporate,East
MB-17305,Maria Bertelson,Consumer,West
TH-21550,Tracy Hopkins,Home Office,South
DK-12835,Damala Kotsonis,Corporate,Central
ON-18715,Odella Nelson,Corporate,East
KN-16390,Katherine Nockton,Corporate,West
NM-18520,Neoma Murray,Consumer,Central
NP-18685,Nora Pelletier,Home Office,East
CS-12505,Cindy Stewart,Consumer,South
MK-18160,Mike Kennedy,Consumer,West
DW-13540,Don Weiss,Consumer,South
CP-12340,Christine Phan,Corporate,West
MS-17770,Maxwell Schwartz,Consumer,East
CM-12655,Corinna Mitchell,Home Office,West
Co-12640,Corey-Lock,Consumer,East
DL-13495,Dionis Lloyd,Corporate,East
TS-21370,Todd Sumrall,Corporate,East
JW-15220,Jane Waco,Corporate,West
RF-19840,Roy Französisch,Consumer,South
JD-15790,John Dryer,Consumer,Central
NG-18430,Nathan Gelder,Consumer,Central
PC-19000,Pauline Chand,Home Office,West
AR-10540,Andy Reiter,Consumer,East
LS-16975,Lindsay Shagiari,Home Office,Central
JM-15535,Jessica Myrick,Consumer,West
NH-18610,Nicole Hansen,Corporate,West
AI-10855,Arianne Irving,Consumer,East
MC-17845,Michael Chen,Consumer,West
TB-21400,Tom Boeckenhauer,Consumer,West
VW-21775,Victoria Wilson,Corporate,West
PL-18925,Paul Lucas,Home Office,Central
GH-14425,Gary Hwang,Consumer,West
CJ-12010,Caroline Jumper,Consumer,East
MC-18130,Mike Caudle,Corporate,East
BV-11245,Benjamin Venier,Corporate,South
EB-13840,Ellis Ballard,Corporate,East
MP-18175,Mike Pelletier,Home Office,West
JM-15655,Jim Mitchum,Corporate,East
CL-11890,Carl Ludwig,Consumer,East
DB-13270,Deborah Brumfield,Home Office,West
PC-18745,Pamela Coakley,Corporate,East
VB-21745,Victoria Brennan,Corporate,Central
EP-13915,Emily Phan,Consumer,East
ME-17320,Maria Etezadi,Home Office,Central
IG-15085,Ivan Gibson,Consumer,West
BO-11425,Bobby Odegard,Consumer,South
AB-10150,Aimee Bixby,Consumer,East
JW-16075,Julia West,Consumer,East
JE-15475,Jeremy Ellison,Consumer,West
EB-13750,Edward Becker,Corporate,West
PK-18910,Paul Knutson,Home Office,West
CS-12400,Christopher Schild,Home Office,West
SG-20470,Sheri Gordon,Consumer,East
CM-12190,Charlotte Melton,Consumer,East
CL-12565,Clay Ludtke,Consumer,South
JO-15550,Jesus Ocampo,Home Office,West
AW-10840,Anthony Witt,Consumer,Central
AH-10075,Adam Hart,Corporate,South
MC-18100,Mick Crebagga,Consumer,Central
TT-21460,Tonja Turnell,Home Office,Central
AP-10720,Anne Pryor,Home Office,South
NP-18325,Naresj Patel,Consumer,East
VG-21805,Vivek Grady,Corporate,South
MY-18295,Muhammed Yedwab,Corporate,Central
RD-19480,Rick Duston,Consumer,West
DP-13390,Dennis Pardue,Home Office,Central
MD-17350,Maribeth Dona,Consumer,East
MY-17380,Maribeth Yedwab,Corporate,East
AB-10150,Aimee Bixby,Consumer,Central
ME-17725,Max Engle,Consumer,East
ML-17395,Marina Lichtenstein,Corporate,West
YS-21880,Yana Sorensen,Corporate,West
PL-18925,Paul Lucas,Home Office,East
JC-15385,Jenna Caffey,Consumer,West
JG-15160,James Galang,Consumer,West
PO-19180,Philisse Overcash,Home Office,East
MC-17275,Marc Crier,Consumer,South
AS-10240,Alan Shonely,Consumer,East
CL-12565,Clay Ludtke,Consumer,East
NW-18400,Natalie Webber,Consumer,West
TB-21280,Toby Braunhardt,Consumer,East
BS-11380,Bill Stewart,Corporate,Central
FH-14365,Fred Hopkins,Corporate,West
SF-20200,Sarah Foster,Consumer,East
HH-15010,Hilary Holden,Corporate,West
CD-12280,Christina DeMoss,Consumer,West
TH-21100,Thea Hendricks,Consumer,West
MM-18055,Michelle Moray,Consumer,West
QJ-19255,Quincy Jones,Corporate,East
NS-18505,Neola Schneider,Consumer,Central
MM-17920,Michael Moore,Consumer,East
RD-19480,Rick Duston,Consumer,Central
RB-19645,Robert Barroso,Corporate,West
RD-19585,Rob Dowd,Consumer,Central
SW-20455,Shaun Weien,Consumer,South
EB-13930,Eric Barreto,Consumer,West
SB-20290,Sean Braxton,Corporate,East
PS-18760,Pamela Stobb,Consumer,West
CB-12535,Claudia Bergmann,Corporate,West
DK-12835,Damala Kotsonis,Corporate,East
AW-10840,Anthony Witt,Consumer,East
HF-14995,Herbert Flentye,Consumer,Central
HZ-14950,Henia Zydlo,Consumer,East
AB-10255,Alejandro Ballentine,Home Office,Central
SC-20725,Steven Cartwright,Consumer,West
ND-18370,Natalie DeCherney,Consumer,East
CD-12790,Cynthia Delaney,Home Office,West
IM-15070,Irene Maddox,Consumer,East
JK-15205,Jamie Kunitz,Consumer,West
JP-15520,Jeremy Pistek,Consumer,Central
MM-18055,Michelle Moray,Consumer,Central
DC-13285,Debra Catini,Consumer,West
JL-15835,John Lee,Consumer,East
BN-11515,Bradley Nguyen,Consumer,East
KD-16345,Katherine Ducich,Consumer,Central
JK-15370,Jay Kimmel,Consumer,East
FM-14215,Filia McAdams,Corporate,East
CA-12265,Christina Anderson,Consumer,South
KD-16495,Keith Dawkins,Corporate,South
LH-17155,Logan Haushalter,Consumer,Central
AG-10675,Anna Gayman,Consumer,South
ED-13885,Emily Ducich,Home Office,West
MC-18100,Mick Crebagga,Consumer,East
EM-14065,Erin Mull,Consumer,South
DA-13450,Dianna Arnett,Home Office,Central
JW-15955,Joni Wasserman,Consumer,West
SL-20155,Sara Luxemburg,Home Office,Central
RM-19375,Raymond Messe,Consumer,Central
ML-17755,Max Ludwig,Home Office,South
CC-12685,Craig Carroll,Consumer,South
SC-20770,Stewart Carmichael,Corporate,Central
GG-14650,Greg Guthrie,Corporate,Central
MY-18295,Muhammed Yedwab,Corporate,East
DP-13000,Darren Powers,Consumer,West
BD-11770,Bryan Davis,Consumer,East
JE-15610,Jim Epp,Corporate,Central
RP-19855,Roy Phan,Corporate,Central
RA-19915,Russell Applegate,Consumer,East
TB-21175,Thomas Boland,Corporate,Central
BE-11455,Brad Eason,Home Office,Central
RM-19375,Raymond Messe,Consumer,West
JF-15565,Jill Fjeld,Consumer,Central
AS-10135,Adrian Shami,Home Office,West
JA-15970,Joseph Airdo,Consumer,East
PB-19210,Phillip Breyer,Corporate,Central
HK-14890,Heather Kirkland,Corporate,Central
FO-14305,Frank Olsen,Consumer,South
BT-11680,Brian Thompson,Consumer,East
SP-20620,Stefania Perrino,Corporate,West
LL-16840,Lauren Leatherbury,Consumer,West
MC-17575,Matt Collins,Consumer,West
JL-15235,Janet Lee,Consumer,Central
EA-14035,Erin Ashbrook,Corporate,Central
SA-20830,Sue Ann Reed,Consumer,West
CH-12070,Cathy Hwang,Home Office,South
ND-18460,Neil Ducich,Corporate,South
BS-11755,Bruce Stewart,Consumer,East
GB-14530,George Bell,Corporate,South
AS-10045,Aaron Smayling,Corporate,Central
RM-19375,Raymond Messe,Consumer,East
NH-18610,Nicole Hansen,Corporate,South
BF-10975,Barbara Fisher,Corporate,South
KH-16330,Katharine Harms,Corporate,South
FA-14230,Frank Atkinson,Corporate,Central
GW-14605,Giulietta Weimer,Consumer,West
DA-13450,Dianna Arnett,Home Office,East
FH-14275,Frank Hawley,Corporate,West
RK-19300,Ralph Kennedy,Consumer,Central
FM-14215,Filia McAdams,Corporate,West
AC-10420,Alyssa Crouse,Corporate,Central
JB-15400,Jennifer Braxton,Corporate,East
GM-14440,Gary McGarr,Consumer,East
RF-19840,Roy Französisch,Consumer,Central
NC-18625,Noah Childs,Corporate,West
AH-10075,Adam Hart,Corporate,West
CH-12070,Cathy Hwang,Home Office,East
ME-18010,Michelle Ellison,Corporate,West
BP-11230,Benjamin Patterson,Consumer,West
JC-15775,John Castell,Consumer,Central
CK-12760,Cyma Kinney,Corporate,South
DL-12865,Dan Lawera,Consumer,Central
PG-18895,Paul Gonzalez,Consumer,West
EH-14005,Erica Hernandez,Home Office,South
JP-15520,Jeremy Pistek,Consumer,South
CD-11980,Carol Darley,Consumer,West
AS-10090,Adam Shillingsburg,Consumer,South
AC-10450,Amy Cox,Consumer,Central
RA-19945,Ryan Akin,Consumer,South
Co-12640,Corey-Lock,Consumer,South
MD-17860,Michael Dominguez,Corporate,Central
RP-19855,Roy Phan,Corporate,South
DB-13660,Duane Benoit,Consumer,East
SC-20770,Stewart Carmichael,Corporate,West
EH-13990,Erica Hackney,Consumer,South
AS-10630,Ann Steele,Home Office,South
CH-12070,Cathy Hwang,Home Office,Central
EH-13765,Edward Hooks,Corporate,East
MZ-17515,Mary Zewe,Corporate,East
SC-20230,Scot Coram,Corporate,Central
RH-19495,Rick Hansen,Consumer,West
VM-21685,Valerie Mitchum,Home Office,West
CC-12670,Craig Carreira,Consumer,West
SV-20365,Seth Vernon,Consumer,South
NP-18685,Nora Pelletier,Home Office,West
JE-15715,Joe Elijah,Consumer,West
CP-12085,Cathy Prescott,Corporate,Central
AC-10615,Ann Chong,Corporate,East
RW-19690,Robert Waldorf,Consumer,Central
BD-11320,Bill Donatelli,Consumer,Central
ML-17755,Max Ludwig,Home Office,Central
JD-16015,Joy Daniels,Consumer,Central
AS-10225,Alan Schoenberger,Corporate,South
MM-18280,Muhammed MacIntyre,Corporate,South
LW-16825,Laurel Workman,Corporate,West
CB-12415,Christy Brittain,Consumer,East
AS-10090,Adam Shillingsburg,Consumer,Central
ML-17755,Max Ludwig,Home Office,West
JS-16030,Joy Smith,Consumer,Central
LW-17215,Luke Weiss,Consumer,West
JW-15955,Joni Wasserman,Consumer,South
SC-20050,Sample Company A,Home Office,Central
CM-12190,Charlotte Melton,Consumer,Central
JF-15190,Jamie Frazer,Consumer,South
SC-20800,Stuart Calhoun,Consumer,Central
AM-10705,Anne McFarland,Consumer,South
BK-11260,Berenike Kampe,Consumer,West
RH-19510,Rick Huthwaite,Home Office,East
GM-14500,Gene McClure,Consumer,West
MC-17275,Marc Crier,Consumer,West
GB-14530,George Bell,Corporate,Central
CT-11995,Carol Triggs,Consumer,Central
CW-11905,Carl Weiss,Home Office,West
EB-13705,Ed Braxton,Corporate,West
JW-15220,Jane Waco,Corporate,East
MC-17590,Matt Collister,Corporate,East
TP-21130,Theone Pippenger,Consumer,Central
CC-12610,Corey Catlett,Corporate,East
KA-16525,Kelly Andreada,Consumer,West
TC-20980,Tamara Chand,Corporate,West
TR-21325,Toby Ritter,Consumer,West
BF-11080,Bart Folk,Consumer,East
MS-17365,Maribeth Schnelling,Consumer,West
CK-12595,Clytie Kelty,Consumer,West
ED-13885,Emily Ducich,Home Office,Central
MM-17260,Magdelene Morse,Consumer,East
MP-17470,Mark Packer,Home Office,Central
AW-10840,Anthony Witt,Consumer,West
SF-20065,Sandra Flanagan,Consumer,South
SN-20710,Steve Nguyen,Home Office,South
KT-16480,Kean Thornton,Consumer,West
AH-10120,Adrian Hane,Home Office,West
BW-11200,Ben Wallace,Consumer,South
HG-14965,Henry Goldwyn,Corporate,Central
SG-20080,Sandra Glassco,Consumer,West
SW-20245,Scot Wooten,Consumer,West
TS-21085,Thais Sissman,Consumer,South
EH-14005,Erica Hernandez,Home Office,Central
EH-14005,Erica Hernandez,Home Office,East
BS-11665,Brian Stugart,Consumer,East
JK-16120,Julie Kriz,Home Office,East
RF-19345,Randy Ferguson,Corporate,East
WB-21850,William Brown,Consumer,East
TB-21625,Trudy Brown,Consumer,Central
GT-14635,Grant Thornton,Corporate,East
WB-21850,William Brown,Consumer,West
DO-13435,Denny Ordway,Consumer,East
AF-10870,Art Ferguson,Consumer,Central
RB-19435,Richard Bierner,Consumer,Central
DR-12880,Dan Reichenbach,Corporate,East
BF-11170,Ben Ferrer,Home Office,Central
LB-16735,Larry Blacks,Consumer,West
DV-13465,Dianna Vittorini,Consumer,Central
NK-18490,Neil Knudson,Home Office,South
LH-17155,Logan Haushalter,Consumer,East
DW-13480,Dianna Wilson,Home Office,West
KF-16285,Karen Ferguson,Home Office,West
HA-14920,Helen Andreada,Consumer,Central
JH-15820,John Huston,Consumer,East
IL-15100,Ivan Liston,Consumer,West
CC-12610,Corey Catlett,Corporate,Central
PB-18805,Patrick Bzostek,Home Office,West
HK-14890,Heather Kirkland,Corporate,West
RH-19600,Rob Haberlin,Consumer,South
IL-15100,Ivan Liston,Consumer,Central
AS-10240,Alan Shonely,Consumer,West
AG-10390,Allen Goldenen,Consumer,South
BF-11080,Bart Folk,Consumer,South
LT-17110,Liz Thompson,Consumer,South
CG-12040,Catherine Glotzbach,Home Office,South
AW-10930,Arthur Wiediger,Home Office,Central
RB-19705,Roger Barcio,Home Office,East
ML-17410,Maris LaWare,Consumer,East
SW-20275,Scott Williamson,Consumer,East
NS-18505,Neola Schneider,Consumer,West
DB-13555,Dorothy Badders,Corporate,South
MH-17620,Matt Hagelstein,Corporate,West
DK-13375,Dennis Kane,Consumer,East
EA-14035,Erin Ashbrook,Corporate,East
BT-11440,Bobby Trafton,Consumer,West
GM-14680,Greg Matthias,Consumer,East
DB-13405,Denny Blanton,Consumer,Central
JH-15820,John Huston,Consumer,Central
DJ-13630,Doug Jacobs,Consumer,West
RH-19510,Rick Huthwaite,Home Office,West
SJ-20125,Sanjit Jacobs,Home Office,Central
TG-21310,Toby Gnade,Consumer,West
CT-11995,Carol Triggs,Consumer,East
BF-11005,Barry Franz,Home Office,West
JM-16195,Justin MacKendrick,Consumer,West
JK-16120,Julie Kriz,Home Office,West
MZ-17335,Maria Zettner,Home Office,West
MW-18220,Mitch Webber,Consumer,East
MV-17485,Mark Van Huff,Consumer,South
AA-10375,Allen Armold,Consumer,South
SM-20320,Sean Miller,Home Office,South
TP-21415,Tom Prescott,Consumer,West
MK-17905,Michael Kennedy,Corporate,South
AR-10405,Allen Rosenblatt,Corporate,West
LM-17065,Liz MacKendrick,Consumer,South
JK-15625,Jim Karlsson,Consumer,West
SF-20200,Sarah Foster,Consumer,Central
PJ-18835,Patrick Jones,Corporate,South
BB-10990,Barry Blumstein,Corporate,East
BW-11200,Ben Wallace,Consumer,West
RS-19420,Ricardo Sperren,Corporate,West
TS-21160,Theresa Swint,Corporate,South
VD-21670,Valerie Dominguez,Consumer,East
JL-15505,Jeremy Lonsdale,Consumer,Central
DL-13495,Dionis Lloyd,Corporate,South
MO-17800,Meg O'Connel,Home Office,South
BP-11185,Ben Peterman,Corporate,Central
SV-20935,Susan Vittorini,Consumer,East
BC-11125,Becky Castell,Home Office,West
EM-13825,Elizabeth Moffitt,Corporate,Central
BD-11500,Bradley Drucker,Consumer,South
BM-11575,Brendan Murry,Corporate,East
KN-16705,Kristina Nunn,Home Office,West
JD-16150,Justin Deggeller,Corporate,East
LA-16780,Laura Armstrong,Corporate,West
KW-16570,Kelly Williams,Consumer,South
CC-12220,Chris Cortes,Consumer,East
JK-15625,Jim Karlsson,Consumer,East
DC-13285,Debra Catini,Consumer,South
CL-11890,Carl Ludwig,Consumer,Central
PV-18985,Paul Van Hugh,Home Office,Central
AM-10360,Alice McCarthy,Corporate,West
SC-20260,Scott Cohen,Corporate,West
AB-10060,Adam Bellavance,Home Office,South
EH-13990,Erica Hackney,Consumer,West
MN-17935,Michael Nguyen,Consumer,East
KL-16555,Kelly Lampkin,Corporate,East
TP-21130,Theone Pippenger,Consumer,South
KM-16375,Katherine Murray,Home Office,West
BE-11455,Brad Eason,Home Office,East
CV-12295,Christina VanderZanden,Consumer,West
DK-13375,Dennis Kane,Consumer,West
SG-20605,Speros Goranitis,Consumer,East
PJ-18835,Patrick Jones,Corporate,East
SB-20290,Sean Braxton,Corporate,South
HM-14860,Harry Marie,Corporate,Central
MG-18145,Mike Gockenbach,Consumer,West
TM-21010,Tamara Manning,Consumer,West
BE-11335,Bill Eplett,Home Office,West
AS-10630,Ann Steele,Home Office,East
EM-13810,Eleni McCrary,Corporate,West
PP-18955,Paul Prost,Home Office,East
ML-18040,Michelle Lonsdale,Corporate,West
LC-16930,Linda Cazamias,Corporate,West
MC-17590,Matt Collister,Corporate,West
CR-12580,Clay Rozendal,Home Office,Central
MZ-17515,Mary Zewe,Corporate,Central
RB-19795,Ross Baird,Home Office,West
HM-14860,Harry Marie,Corporate,West
AZ-10750,Annie Zypern,Consumer,East
PW-19240,Pierre Wener,Consumer,West
AF-10870,Art Ferguson,Consumer,East
AM-10705,Anne McFarland,Consumer,West
DB-13405,Denny Blanton,Consumer,East
JG-15160,James Galang,Consumer,East
SC-20380,Shahid Collister,Consumer,West
CS-12460,Chuck Sachs,Consumer,East
CM-11935,Carlos Meador,Consumer,South
GM-14695,Greg Maxwell,Corporate,West
DC-12850,Dan Campbell,Consumer,East
FO-14305,Frank Olsen,Consumer,Central
TB-21250,Tim Brockman,Consumer,East
JM-15865,John Murray,Consumer,East
KT-16480,Kean Thornton,Consumer,Central
SC-20575,Sonia Cooley,Consumer,Central
BS-11800,Bryan Spruell,Home Office,West
BT-11395,Bill Tyler,Corporate,West
LS-17200,Luke Schmidt,Corporate,Central
RR-19315,Ralph Ritter,Consumer,West
DB-12910,Daniel Byrd,Home Office,South
NP-18700,Nora Preis,Consumer,East
CD-12790,Cynthia Delaney,Home Office,Central
TT-21220,Thomas Thornton,Consumer,Central
LO-17170,Lori Olson,Corporate,West
KD-16615,Ken Dana,Corporate,West
NB-18580,Nicole Brennan,Corporate,East
JM-15865,John Murray,Consumer,West
AB-10105,Adrian Barton,Consumer,South
PN-18775,Parhena Norris,Home Office,South
JC-15775,John Castell,Consumer,South
PF-19165,Philip Fox,Consumer,East
BP-11185,Ben Peterman,Corporate,South
MB-17305,Maria Bertelson,Consumer,South
HR-14830,Harold Ryan,Corporate,East
BD-11635,Brian Derr,Consumer,South
VM-21685,Valerie Mitchum,Home Office,Central
CM-12235,Chris McAfee,Consumer,Central
SM-20320,Sean Miller,Home Office,Central
RA-19885,Ruben Ausman,Corporate,South
SD-20485,Shirley Daniels,Home Office,South
CS-12250,Chris Selesnick,Corporate,Central
SE-20110,Sanjit Engle,Consumer,Central
RS-19765,Roland Schwarz,Corporate,South
EN-13780,Edward Nazzal,Consumer,East
KN-16450,Kean Nguyen,Corporate,South
MG-17890,Michael Granlund,Home Office,West
MC-17590,Matt Collister,Corporate,Central
BO-11350,Bill Overfelt,Corporate,West
AG-10300,Aleksandra Gannaway,Corporate,West
JM-15655,Jim Mitchum,Corporate,West
MC-17635,Matthew Clasen,Corporate,Central
TA-21385,Tom Ashbrook,Home Office,East
JF-15295,Jason Fortune-,Consumer,West
TT-21265,Tim Taslimi,Corporate,West
SB-20170,Sarah Bern,Consumer,East
KA-16525,Kelly Andreada,Consumer,Central
BF-11170,Ben Ferrer,Home Office,South
TB-21400,Tom Boeckenhauer,Consumer,Central
AS-10225,Alan Schoenberger,Corporate,West
PK-19075,Pete Kriz,Consumer,West
CL-12700,Craig Leslie,Home Office,Central
HF-14995,Herbert Flentye,Consumer,South
HG-15025,Hunter Glantz,Consumer,Central
NL-18310,Nancy Lomonaco,Home Office,West
RR-19525,Rick Reed,Corporate,East
TC-21295,Toby Carlisle,Consumer,West
DB-13615,Doug Bickford,Consumer,South
SV-20785,Stewart Visinsky,Consumer,West
MH-18115,Mick Hernandez,Home Office,Central
CT-11995,Carol Triggs,Consumer,West
KB-16315,Karl Braun,Consumer,South
RA-19285,Ralph Arnett,Consumer,Central
CM-12160,Charles McCrossin,Consumer,East
AJ-10795,Anthony Johnson,Corporate,West
DL-12865,Dan Lawera,Consumer,South
BE-11410,Bobby Elias,Consumer,East
JD-16015,Joy Daniels,Consumer,East
AB-10255,Alejandro Ballentine,Home Office,West
GH-14425,Gary Hwang,Consumer,South
LC-16885,Lena Creighton,Consumer,South
SC-20680,Steve Carroll,Home Office,South
SE-20110,Sanjit Engle,Consumer,West
LF-17185,Luke Foster,Consumer,Central
ON-18715,Odella Nelson,Corporate,South
TB-21400,Tom Boeckenhauer,Consumer,South
DF-13135,David Flashing,Consumer,West
FH-14350,Fred Harton,Consumer,West
EH-13945,Eric Hoffmann,Consumer,East
KL-16645,Ken Lonsdale,Consumer,East
EB-13750,Edward Becker,Corporate,South
BD-11725,Bruce Degenhardt,Consumer,East
MS-17530,MaryBeth Skach,Consumer,West
FM-14380,Fred McMath,Consumer,South
AP-10720,Anne Pryor,Home Office,Central
RH-19555,Ritsa Hightower,Consumer,South
CS-11950,Carlos Soltero,Consumer,West
HF-14995,Herbert Flentye,Consumer,West
GA-14515,George Ashbrook,Consumer,West
ES-14020,Erica Smith,Consumer,East
JP-16135,Julie Prescott,Home Office,South
Dp-13240,Dean percer,Home Office,West
RW-19690,Robert Waldorf,Consumer,East
MO-17950,Michael Oakman,Consumer,Central
JJ-15445,Jennifer Jackson,Consumer,Central
BT-11680,Brian Thompson,Consumer,South
ML-17755,Max Ludwig,Home Office,East
ER-13855,Elpida Rittenbach,Corporate,West
SS-20140,Saphhira Shifley,Corporate,South
TC-21295,Toby Carlisle,Consumer,East
LD-17005,Lisa DeCherney,Consumer,Central
AS-10285,Alejandro Savely,Corporate,East
KN-16450,Kean Nguyen,Corporate,West
IG-15085,Ivan Gibson,Consumer,South
JS-15595,Jill Stevenson,Corporate,South
GA-14725,Guy Armstrong,Consumer,West
DL-13330,Denise Leinenbach,Consumer,West
CS-12505,Cindy Stewart,Consumer,West
CC-12145,Charles Crestani,Consumer,Central
MH-18025,Michelle Huthwaite,Consumer,West
MP-18175,Mike Pelletier,Home Office,Central
DR-12940,Daniel Raglin,Home Office,East
DM-13015,Darrin Martin,Consumer,West
MT-18070,Michelle Tran,Home Office,Central
MJ-17740,Max Jones,Consumer,East
ND-18370,Natalie DeCherney,Consumer,West
CA-11965,Carol Adams,Corporate,South
TC-21295,Toby Carlisle,Consumer,South
CK-12325,Christine Kargatis,Home Office,South
AC-10660,Anna Chung,Consumer,Central
BH-11710,Brosina Hoffman,Consumer,East
BG-11695,Brooke Gillingham,Corporate,Central
XP-21865,Xylona Preis,Consumer,East
SN-20560,Skye Norling,Home Office,Central
DM-13345,Denise Monton,Corporate,South
KC-16255,Karen Carlisle,Corporate,East
VF-21715,Vicky Freymann,Home Office,Central
EM-13810,Eleni McCrary,Corporate,East
RB-19360,Raymond Buch,Consumer,Central
DJ-13510,Don Jones,Corporate,West
CC-12370,Christopher Conant,Consumer,South
SC-20380,Shahid Collister,Consumer,South
RH-19495,Rick Hansen,Consumer,South
AF-10885,Art Foster,Consumer,East
BF-11275,Beth Fritzler,Corporate,West
SC-20800,Stuart Calhoun,Consumer,West
SW-20275,Scott Williamson,Consumer,West
MC-17845,Michael Chen,Consumer,East
Dp-13240,Dean percer,Home Office,East
TM-21010,Tamara Manning,Consumer,Central
EP-13915,Emily Phan,Consumer,West
KH-16630,Ken Heidel,Corporate,West
HG-14845,Harry Greene,Consumer,South
JC-16105,Julie Creighton,Corporate,East
KM-16720,Kunst Miller,Consumer,East
EB-13975,Erica Bern,Corporate,South
PW-19240,Pierre Wener,Consumer,Central
CR-12730,Craig Reiter,Consumer,Central
KH-16330,Katharine Harms,Corporate,Central
DL-12925,Daniel Lacy,Consumer,Central
LS-17200,Luke Schmidt,Corporate,East
DB-13270,Deborah Brumfield,Home Office,Central
JM-16195,Justin MacKendrick,Consumer,East
BP-11155,Becky Pak,Consumer,South
TT-21220,Thomas Thornton,Consumer,West
GT-14710,Greg Tran,Consumer,West
MC-18100,Mick Crebagga,Consumer,West
LH-17020,Lisa Hazard,Consumer,West
EM-14140,Eugene Moren,Home Office,West
GG-14650,Greg Guthrie,Corporate,East
MA-17995,Michelle Arnett,Home Office,East
SH-20395,Shahid Hopkins,Consumer,East
PO-19180,Philisse Overcash,Home Office,West
AY-10555,Andy Yotov,Corporate,West
Co-12640,Corey-Lock,Consumer,Central
JF-15565,Jill Fjeld,Consumer,South
AR-10510,Andrew Roberts,Consumer,Central
DV-13045,Darrin Van Huff,Corporate,East
HL-15040,Hunter Lopez,Consumer,East
GB-14575,Giulietta Baptist,Consumer,East
RC-19960,Ryan Crowe,Consumer,West
JB-16045,Julia Barnett,Home Office,South
MC-17635,Matthew Clasen,Corporate,West
TT-21265,Tim Taslimi,Corporate,East
MJ-17740,Max Jones,Consumer,Central
NW-18400,Natalie Webber,Consumer,East
VP-21730,Victor Preis,Home Office,Central
RD-19810,Ross DeVincentis,Home Office,East
MG-17875,Michael Grace,Home Office,East
JG-15160,James Galang,Consumer,South
SR-20425,Sharelle Roach,Home Office,West
LS-16975,Lindsay Shagiari,Home Office,East
JB-16000,Joy Bell-,Consumer,Central
AC-10450,Amy Cox,Consumer,East
AI-10855,Arianne Irving,Consumer,South
DR-12880,Dan Reichenbach,Corporate,West
DM-12955,Dario Medina,Corporate,Central
AS-10045,Aaron Smayling,Corporate,West
ZD-21925,Zuschuss Donatelli,Consumer,South
BP-11230,Benjamin Patterson,Consumer,East
TC-21475,Tony Chapman,Home Office,South
SW-20350,Sean Wendt,Home Office,Central
TS-21370,Todd Sumrall,Corporate,Central
DM-13345,Denise Monton,Corporate,East
RE-19450,Richard Eichhorn,Consumer,Central
BF-11215,Benjamin Farhat,Home Office,West
YC-21895,Yoseph Carroll,Corporate,East
KM-16375,Katherine Murray,Home Office,Central
KB-16405,Katrina Bavinger,Home Office,West
DW-13480,Dianna Wilson,Home Office,South
JC-15340,Jasper Cacioppo,Consumer,East
TP-21415,Tom Prescott,Consumer,Central
CV-12805,Cynthia Voltz,Corporate,Central
JG-15310,Jason Gross,Corporate,East
JP-16135,Julie Prescott,Home Office,East
EC-14050,Erin Creighton,Consumer,East
FG-14260,Frank Gastineau,Home Office,Central
AA-10480,Andrew Allen,Consumer,Central
MS-17770,Maxwell Schwartz,Consumer,West
JE-15610,Jim Epp,Corporate,South
EB-14110,Eugene Barchas,Consumer,East
BP-11155,Becky Pak,Consumer,East
CC-12100,Chad Cunningham,Home Office,West
JP-15460,Jennifer Patt,Corporate,East
CY-12745,Craig Yedwab,Corporate,Central
AR-10825,Anthony Rawles,Corporate,Central
CS-11845,Cari Sayre,Corporate,West
NF-18385,Natalie Fritzler,Consumer,East
SM-20950,Suzanne McNair,Corporate,Central
GH-14410,Gary Hansen,Home Office,West
DB-13210,Dean Braden,Consumer,South
PT-19090,Pete Takahito,Consumer,Central
KC-16675,Kimberly Carter,Corporate,South
PK-19075,Pete Kriz,Consumer,South
KT-16465,Kean Takahito,Consumer,Central
SM-20950,Suzanne McNair,Corporate,East
TC-20980,Tamara Chand,Corporate,Central
KB-16585,Ken Black,Corporate,East
JE-16165,Justin Ellison,Corporate,West
DR-12940,Daniel Raglin,Home Office,Central
RW-19630,Rob Williams,Corporate,East
ML-18040,Michelle Lonsdale,Corporate,Central
JL-15130,Jack Lebron,Consumer,Central
CM-12655,Corinna Mitchell,Home Office,South
TB-21280,Toby Braunhardt,Consumer,South
AH-10030,Aaron Hawkins,Corporate,East
TT-21070,Ted Trevino,Consumer,East
SH-19975,Sally Hughsby,Corporate,Central
TH-21235,Tiffany House,Corporate,East
FH-14275,Frank Hawley,Corporate,East
ND-18370,Natalie DeCherney,Consumer,Central
JL-15130,Jack Lebron,Consumer,West
RC-19825,Roy Collins,Consumer,East
CC-12475,Cindy Chapman,Consumer,East
DW-13195,David Wiener,Corporate,Central
EG-13900,Emily Grady,Consumer,Central
SJ-20215,Sarah Jordon,Consumer,Central
SJ-20125,Sanjit Jacobs,Home Office,West
BG-11740,Bruce Geld,Consumer,East
CC-12220,Chris Cortes,Consumer,West
DK-12835,Damala Kotsonis,Corporate,South
LB-16795,Laurel Beltran,Home Office,Central
CM-11815,Candace McMahon,Corporate,Central
TS-21205,Thomas Seio,Corporate,West
RF-19345,Randy Ferguson,Corporate,South
JF-15565,Jill Fjeld,Consumer,East
EH-14185,Evan Henry,Consumer,South
VW-21775,Victoria Wilson,Corporate,Central
SJ-20215,Sarah Jordon,Consumer,West
PS-19045,Penelope Sewall,Home Office,West
KM-16225,Kalyca Meade,Corporate,Central
GM-14695,Greg Maxwell,Corporate,South
KT-16465,Kean Takahito,Consumer,South
JP-16135,Julie Prescott,Home Office,Central
RD-19585,Rob Dowd,Consumer,West
JF-15295,Jason Fortune-,Consumer,Central
KH-16510,Keith Herrera,Consumer,Central
CM-12655,Corinna Mitchell,Home Office,East
MW-18235,Mitch Willingham,Corporate,West
CS-11950,Carlos Soltero,Consumer,East
SP-20620,Stefania Perrino,Corporate,Central
LW-17215,Luke Weiss,Consumer,East
AH-10030,Aaron Hawkins,Corporate,South
HG-15025,Hunter Glantz,Consumer,East
EB-13750,Edward Becker,Corporate,Central
TS-21505,Tony Sayre,Consumer,South
KD-16270,Karen Daniels,Consumer,Central
PR-18880,Patrick Ryan,Consumer,West
ON-18715,Odella Nelson,Corporate,West
AH-10195,Alan Haines,Corporate,Central
BM-11650,Brian Moss,Corporate,West
NF-18595,Nicole Fjeld,Home Office,Central
TC-21535,Tracy Collins,Home Office,East
MC-17425,Mark Cousins,Corporate,Central
LC-17050,Liz Carlisle,Consumer,West
TB-21280,Toby Braunhardt,Consumer,Central
SO-20335,Sean O'Donnell,Consumer,East
CS-12490,Cindy Schnelling,Corporate,Central
SP-20620,Stefania Perrino,Corporate,South
MS-17365,Maribeth Schnelling,Consumer,East
Dp-13240,Dean percer,Home Office,South
DB-13660,Duane Benoit,Consumer,Central
MG-17650,Matthew Grinstein,Home Office,West
EH-14185,Evan Henry,Consumer,Central
KF-16285,Karen Ferguson,Home Office,Central
DH-13075,Dave Hallsten,Corporate,South
HZ-14950,Henia Zydlo,Consumer,Central
CM-12190,Charlotte Melton,Consumer,West
LB-16795,Laurel Beltran,Home Office,East
JF-15490,Jeremy Farry,Consumer,East
SS-20590,Sonia Sunley,Consumer,Central
TC-21475,Tony Chapman,Home Office,West
DE-13255,Deanra Eno,Home Office,Central
SZ-20035,Sam Zeldin,Home Office,East
LF-17185,Luke Foster,Consumer,West
RA-19945,Ryan Akin,Consumer,Central
PO-19195,Phillina Ober,Home Office,West
KA-16525,Kelly Andreada,Consumer,East
JO-15145,Jack O'Briant,Corporate,East
LE-16810,Laurel Elliston,Consumer,East
AH-10690,Anna Häberlin,Corporate,East
KN-16705,Kristina Nunn,Home Office,South
TB-21250,Tim Brockman,Consumer,West
DP-13390,Dennis Pardue,Home Office,West
ST-20530,Shui Tom,Consumer,South
EB-13870,Emily Burns,Consumer,South
AH-10210,Alan Hwang,Consumer,South
AS-10090,Adam Shillingsburg,Consumer,East
HJ-14875,Heather Jas,Home Office,South
MH-17455,Mark Hamilton,Consumer,South
CL-11890,Carl Ludwig,Consumer,West
SF-20965,Sylvia Foulston,Corporate,East
SJ-20500,Shirley Jackson,Consumer,West
PJ-19015,Pauline Johnson,Consumer,South
CC-12610,Corey Catlett,Corporate,South
MG-17875,Michael Grace,Home Office,South
RH-19600,Rob Haberlin,Consumer,Central
KB-16240,Karen Bern,Corporate,Central
CA-12055,Cathy Armstrong,Home Office,West
RD-19930,Russell D'Ascenzo,Consumer,Central
SC-20020,Sam Craven,Consumer,Central
HW-14935,Helen Wasserman,Corporate,Central
SC-20800,Stuart Calhoun,Consumer,South
HA-14920,Helen Andreada,Consumer,South
MG-17875,Michael Grace,Home Office,Central
DM-12955,Dario Medina,Corporate,West
DM-13345,Denise Monton,Corporate,Central
GA-14515,George Ashbrook,Consumer,Central
SU-20665,Stephanie Ulpright,Home Office,South
DB-13405,Denny Blanton,Consumer,South
MM-17920,Michael Moore,Consumer,Central
RD-19810,Ross DeVincentis,Home Office,South
PO-18865,Patrick O'Donnell,Consumer,West
TS-21505,Tony Sayre,Consumer,West
GT-14755,Guy Thornton,Consumer,West
DB-12910,Daniel Byrd,Home Office,Central
JK-15640,Jim Kriz,Home Office,West
FC-14335,Fred Chung,Corporate,Central
JW-15955,Joni Wasserman,Consumer,East
MT-17815,Meg Tillman,Consumer,South
DK-13090,Dave Kipp,Consumer,Central
KD-16495,Keith Dawkins,Corporate,Central
AC-10450,Amy Cox,Consumer,South
FM-14290,Frank Merwin,Home Office,South
LC-17140,Logan Currie,Consumer,East
RB-19330,Randy Bradley,Consumer,East
NC-18535,Nick Crebassa,Corporate,Central
RA-19285,Ralph Arnett,Consumer,West
SH-19975,Sally Hughsby,Corporate,South
DB-12970,Darren Budd,Corporate,West
VF-21715,Vicky Freymann,Home Office,West
AJ-10945,Ashley Jarboe,Consumer,Central
CP-12340,Christine Phan,Corporate,South
DB-13555,Dorothy Badders,Corporate,East
JP-15460,Jennifer Patt,Corporate,West
FM-14290,Frank Merwin,Home Office,East
EH-14125,Eugene Hildebrand,Home Office,East
DO-13435,Denny Ordway,Consumer,West
QJ-19255,Quincy Jones,Corporate,South
MF-17665,Maureen Fritzler,Corporate,East
EN-13780,Edward Nazzal,Consumer,Central
SS-20140,Saphhira Shifley,Corporate,Central
RS-19765,Roland Schwarz,Corporate,West
JO-15550,Jesus Ocampo,Home Office,Central
BS-11590,Brendan Sweed,Corporate,Central
AB-10255,Alejandro Ballentine,Home Office,South
MF-17665,Maureen Fritzler,Corporate,West
JL-15235,Janet Lee,Consumer,East
KH-16630,Ken Heidel,Corporate,East
RM-19750,Roland Murray,Consumer,East
VM-21835,Vivian Mathis,Consumer,East
RA-19915,Russell Applegate,Consumer,South
JG-15310,Jason Gross,Corporate,Central
LC-16870,Lena Cacioppo,Consumer,East
TS-21160,Theresa Swint,Corporate,Central
MH-18025,Michelle Huthwaite,Consumer,Central
JJ-15760,Joel Jenkins,Home Office,Central
KB-16585,Ken Black,Corporate,South
CM-12160,Charles McCrossin,Consumer,West
RF-19735,Roland Fjeld,Consumer,South
JK-15370,Jay Kimmel,Consumer,South
JB-16045,Julia Barnett,Home Office,West
RH-19510,Rick Huthwaite,Home Office,Central
MN-17935,Michael Nguyen,Consumer,South
EH-14125,Eugene Hildebrand,Home Office,South
JD-15895,Jonathan Doherty,Corporate,West
BT-11395,Bill Tyler,Corporate,East
EJ-13720,Ed Jacobs,Consumer,West
BE-11410,Bobby Elias,Consumer,South
KL-16555,Kelly Lampkin,Corporate,South
NC-18415,Nathan Cano,Consumer,South
AH-10690,Anna Häberlin,Corporate,South
NW-18400,Natalie Webber,Consumer,South
HG-14845,Harry Greene,Consumer,East
CC-12685,Craig Carroll,Consumer,East
JG-15805,John Grady,Corporate,Central
RW-19540,Rick Wilson,Corporate,Central
LS-17230,Lycoris Saunders,Consumer,East
KE-16420,Katrina Edelman,Corporate,South
TS-21370,Todd Sumrall,Corporate,West
DH-13675,Duane Huffman,Home Office,East
DM-13015,Darrin Martin,Consumer,Central
NC-18415,Nathan Cano,Consumer,East
AJ-10960,Astrea Jones,Consumer,West
LC-16885,Lena Creighton,Consumer,Central
JF-15355,Jay Fein,Consumer,West
DM-13015,Darrin Martin,Consumer,South
EP-13915,Emily Phan,Consumer,South
PF-19120,Peter Fuller,Consumer,West
DW-13195,David Wiener,Corporate,South
CK-12595,Clytie Kelty,Consumer,Central
SV-20785,Stewart Visinsky,Consumer,South
MS-17770,Maxwell Schwartz,Consumer,Central
TC-21475,Tony Chapman,Home Office,Central
SJ-20125,Sanjit Jacobs,Home Office,South
VT-21700,Valerie Takahito,Home Office,East
AB-10105,Adrian Barton,Consumer,Central
MM-18280,Muhammed MacIntyre,Corporate,East
ML-17410,Maris LaWare,Consumer,West
JS-15880,John Stevenson,Consumer,Central
VG-21805,Vivek Grady,Corporate,East
LS-17230,Lycoris Saunders,Consumer,Central
MH-17455,Mark Hamilton,Consumer,Central
TS-21340,Toby Swindell,Consumer,East
EH-13945,Eric Hoffmann,Consumer,South
MG-17695,Maureen Gnade,Consumer,East
AF-10870,Art Ferguson,Consumer,South
SC-20095,Sanjit Chand,Consumer,East
RB-19360,Raymond Buch,Consumer,South
PW-19240,Pierre Wener,Consumer,East
DW-13540,Don Weiss,Consumer,East
EH-14125,Eugene Hildebrand,Home Office,West
KE-16420,Katrina Edelman,Corporate,Central
SP-20920,Susan Pistek,Consumer,West
PS-19045,Penelope Sewall,Home Office,Central
JM-15250,Janet Martin,Consumer,East
EB-13930,Eric Barreto,Consumer,South
PL-18925,Paul Lucas,Home Office,West
CC-12370,Christopher Conant,Consumer,West
KF-16285,Karen Ferguson,Home Office,East
CS-12175,Charles Sheldon,Corporate,South
DB-13120,David Bremer,Corporate,South
DK-12895,Dana Kaydos,Consumer,Central
MP-17965,Michael Paige,Corporate,South
KM-16660,Khloe Miller,Consumer,South
MK-17905,Michael Kennedy,Corporate,West
BT-11305,Beth Thompson,Home Office,Central
FH-14350,Fred Harton,Consumer,South
AA-10645,Anna Andreadi,Consumer,East
JO-15145,Jack O'Briant,Corporate,West
SN-20710,Steve Nguyen,Home Office,West
FH-14350,Fred Harton,Consumer,Central
JF-15565,Jill Fjeld,Consumer,West
CS-11845,Cari Sayre,Corporate,Central
SP-20920,Susan Pistek,Consumer,Central
KE-16420,Katrina Edelman,Corporate,East
GA-14515,George Ashbrook,Consumer,East
DK-12985,Darren Koutras,Consumer,Central
XP-21865,Xylona Preis,Consumer,Central
DL-13330,Denise Leinenbach,Consumer,South
KH-16630,Ken Heidel,Corporate,South
NP-18685,Nora Pelletier,Home Office,Central
SC-20680,Steve Carroll,Home Office,Central
DK-12895,Dana Kaydos,Consumer,South
LS-17245,Lynn Smith,Consumer,South
KE-16420,Katrina Edelman,Corporate,West
LH-16900,Lena Hernandez,Consumer,South
TB-21175,Thomas Boland,Corporate,East
KW-16435,Katrina Willman,Consumer,South
SC-20095,Sanjit Chand,Consumer,Central
DD-13570,Dorothy Dickinson,Consumer,Central
MC-17275,Marc Crier,Consumer,East
DL-13495,Dionis Lloyd,Corporate,Central
NC-18625,Noah Childs,Corporate,Central
AC-10450,Amy Cox,Consumer,West
TS-21340,Toby Swindell,Consumer,West
MG-18145,Mike Gockenbach,Consumer,South
GZ-14470,Gary Zandusky,Consumer,South
JL-15835,John Lee,Consumer,South
AB-10600,Ann Blume,Corporate,Central
TT-21070,Ted Trevino,Consumer,South
DD-13570,Dorothy Dickinson,Consumer,South
TP-21415,Tom Prescott,Consumer,East
RB-19330,Randy Bradley,Consumer,Central
SW-20245,Scot Wooten,Consumer,East
AH-10465,Amy Hunt,Consumer,East
TP-21565,Tracy Poddar,Corporate,West
AR-10825,Anthony Rawles,Corporate,East
HJ-14875,Heather Jas,Home Office,West
JF-15355,Jay Fein,Consumer,South
EK-13795,Eileen Kiefer,Home Office,West
JK-15730,Joe Kamberova,Consumer,Central
CR-12820,Cyra Reiten,Home Office,East
AG-10300,Aleksandra Gannaway,Corporate,East
SG-20890,Susan Gilcrest,Corporate,Central
CS-12175,Charles Sheldon,Corporate,Central
BG-11740,Bruce Geld,Consumer,West
RF-19735,Roland Fjeld,Consumer,East
MA-17560,Matt Abelman,Home Office,East
AM-10705,Anne McFarland,Consumer,East
AH-10585,Angele Hood,Consumer,Central
PF-19120,Peter Fuller,Consumer,South
NC-18535,Nick Crebassa,Corporate,West
EB-13840,Ellis Ballard,Corporate,Central
WB-21850,William Brown,Consumer,Central
SR-20740,Steven Roelle,Home Office,West
VG-21805,Vivek Grady,Corporate,Central
LS-16945,Linda Southworth,Corporate,Central
NF-18475,Neil Französisch,Home Office,Central
MD-17860,Michael Dominguez,Corporate,East
MA-17995,Michelle Arnett,Home Office,West
SJ-20500,Shirley Jackson,Consumer,East
BS-11365,Bill Shonely,Corporate,East
RA-19285,Ralph Arnett,Consumer,South
TS-21610,Troy Staebel,Consumer,Central
KB-16585,Ken Black,Corporate,West
MM-18280,Muhammed MacIntyre,Corporate,West
LO-17170,Lori Olson,Corporate,East
RS-19420,Ricardo Sperren,Corporate,East
CC-12475,Cindy Chapman,Consumer,Central
KT-16480,Kean Thornton,Consumer,South
DM-13015,Darrin Martin,Consumer,East
SH-20635,Stefanie Holloman,Corporate,South
AG-10495,Andrew Gjertsen,Corporate,West
KN-16450,Kean Nguyen,Corporate,Central
NF-18595,Nicole Fjeld,Home Office,West
RM-19675,Robert Marley,Home Office,East
CA-11965,Carol Adams,Corporate,Central
DW-13195,David Wiener,Corporate,West
TH-21235,Tiffany House,Corporate,West
PO-18850,Patrick O'Brill,Consumer,South
MO-17500,Mary O'Rourke,Consumer,Central
AH-10585,Angele Hood,Consumer,West
CS-12250,Chris Selesnick,Corporate,West
ST-20530,Shui Tom,Consumer,West
JC-15775,John Castell,Consumer,East
SS-20875,Sung Shariari,Consumer,West
RD-19720,Roger Demir,Consumer,South
VM-21835,Vivian Mathis,Consumer,Central
GB-14575,Giulietta Baptist,Consumer,South
MV-17485,Mark Van Huff,Consumer,West
JL-15130,Jack Lebron,Consumer,East
AG-10330,Alex Grayson,Consumer,West
MD-17860,Michael Dominguez,Corporate,South
RR-19315,Ralph Ritter,Consumer,Central
LL-16840,Lauren Leatherbury,Consumer,South
MA-17995,Michelle Arnett,Home Office,Central
LH-16900,Lena Hernandez,Consumer,Central
PS-18970,Paul Stevenson,Home Office,South
TB-21625,Trudy Brown,Consumer,West
BP-11095,Bart Pistole,Corporate,West
CD-11920,Carlos Daly,Consumer,East
AH-10690,Anna Häberlin,Corporate,West
GZ-14470,Gary Zandusky,Consumer,East
BF-10975,Barbara Fisher,Corporate,Central
MH-17455,Mark Hamilton,Consumer,East
SC-20095,Sanjit Chand,Consumer,South
TB-21355,Todd Boyes,Corporate,South
CB-12415,Christy Brittain,Consumer,Central
MT-17815,Meg Tillman,Consumer,Central
DK-13375,Dennis Kane,Consumer,Central
SR-20740,Steven Roelle,Home Office,Central
AA-10645,Anna Andreadi,Consumer,West
AS-10630,Ann Steele,Home Office,West
DJ-13510,Don Jones,Corporate,East
BD-11620,Brian DeCherney,Consumer,Central
JM-15250,Janet Martin,Consumer,West
JK-15730,Joe Kamberova,Consumer,East
GW-14605,Giulietta Weimer,Consumer,East
GR-14560,Georgia Rosenberg,Corporate,West
VS-21820,Vivek Sundaresam,Consumer,West
LP-17095,Liz Preis,Consumer,West
BG-11740,Bruce Geld,Consumer,Central
RB-19570,Rob Beeghly,Consumer,West
JW-16075,Julia West,Consumer,West
RD-19720,Roger Demir,Consumer,East
BE-11335,Bill Eplett,Home Office,East
KC-16540,Kelly Collister,Consumer,Central
MC-18130,Mike Caudle,Corporate,West
ES-14080,Erin Smith,Corporate,East
MK-17905,Michael Kennedy,Corporate,Central
TM-21490,Tony Molinari,Consumer,Central
RL-19615,Rob Lucas,Consumer,Central
NM-18520,Neoma Murray,Consumer,East
EB-13930,Eric Barreto,Consumer,Central
SG-20470,Sheri Gordon,Consumer,South
EB-13870,Emily Burns,Consumer,Central
MC-17575,Matt Collins,Consumer,South
NM-18445,Nathan Mautz,Home Office,Central
MG-17650,Matthew Grinstein,Home Office,Central
AG-10765,Anthony Garverick,Home Office,South
AS-10045,Aaron Smayling,Corporate,East
AR-10405,Allen Rosenblatt,Corporate,South
JB-16000,Joy Bell-,Consumer,East
TS-21430,Tom Stivers,Corporate,West
TC-21475,Tony Chapman,Home Office,East
HG-14965,Henry Goldwyn,Corporate,South
GH-14410,Gary Hansen,Home Office,Central
RM-19675,Robert Marley,Home Office,West
GA-14725,Guy Armstrong,Consumer,Central
BD-11725,Bruce Degenhardt,Consumer,West
DS-13180,David Smith,Corporate,West
BS-11380,Bill Stewart,Corporate,West
HA-14905,Helen Abelman,Consumer,West
Co-12640,Corey-Lock,Consumer,West
BC-11125,Becky Castell,Home Office,East
EB-13840,Ellis Ballard,Corporate,South
DB-13360,Dennis Bolton,Home Office,East
GH-14410,Gary Hansen,Home Office,East
SV-20785,Stewart Visinsky,Consumer,East
DB-13555,Dorothy Badders,Corporate,Central
AG-10270,Alejandro Grove,Consumer,East
RE-19450,Richard Eichhorn,Consumer,East
MV-18190,Mike Vittorini,Consumer,South
JL-15835,John Lee,Consumer,Central
DH-13075,Dave Hallsten,Corporate,Central
AG-10900,Arthur Gainer,Consumer,East
JO-15280,Jas O'Carroll,Consumer,East
EJ-13720,Ed Jacobs,Consumer,Central
DJ-13420,Denny Joy,Corporate,West
DE-13255,Deanra Eno,Home Office,West
NR-18550,Nick Radford,Consumer,Central
JF-15490,Jeremy Farry,Consumer,South
LB-16795,Laurel Beltran,Home Office,South
MP-18175,Mike Pelletier,Home Office,East
LH-16900,Lena Hernandez,Consumer,West
SV-20935,Susan Vittorini,Consumer,Central
RB-19435,Richard Bierner,Consumer,West
PS-19045,Penelope Sewall,Home Office,East
CS-12355,Christine Sundaresam,Consumer,West
TS-21160,Theresa Swint,Corporate,West
BV-11245,Benjamin Venier,Corporate,West
ES-14020,Erica Smith,Consumer,South
JB-15925,Joni Blumstein,Consumer,Central
NR-18550,Nick Radford,Consumer,West
DB-13270,Deborah Brumfield,Home Office,East
CS-11860,Cari Schnelling,Consumer,South
CM-12385,Christopher Martinez,Consumer,Central
MH-18025,Michelle Huthwaite,Consumer,East
GB-14575,Giulietta Baptist,Consumer,Central
MM-18055,Michelle Moray,Consumer,East
MF-18250,Monica Federle,Corporate,West
CK-12595,Clytie Kelty,Consumer,South
NG-18430,Nathan Gelder,Consumer,West
PB-19210,Phillip Breyer,Corporate,East
LW-17125,Liz Willingham,Consumer,East
PF-19120,Peter Fuller,Consumer,Central
JE-15610,Jim Epp,Corporate,West
JO-15145,Jack O'Briant,Corporate,South
TT-21220,Thomas Thornton,Consumer,East
FH-14350,Fred Harton,Consumer,East
SC-20050,Sample Company A,Home Office,South
JO-15280,Jas O'Carroll,Consumer,South
MS-17830,Melanie Seite,Consumer,East
GK-14620,Grace Kelly,Corporate,East
SH-19975,Sally Hughsby,Corporate,East
KN-16390,Katherine Nockton,Corporate,East
PW-19240,Pierre Wener,Consumer,South
TB-21175,Thomas Boland,Corporate,South
SC-20695,Steve Chapman,Corporate,Central
EH-13765,Edward Hooks,Corporate,West
AC-10660,Anna Chung,Consumer,East
SG-20470,Sheri Gordon,Consumer,West
CA-12310,Christine Abelman,Corporate,West
JE-15610,Jim Epp,Corporate,East
MS-17530,MaryBeth Skach,Consumer,East
BH-11710,Brosina Hoffman,Consumer,South
MB-17305,Maria Bertelson,Consumer,Central
MH-18115,Mick Hernandez,Home Office,South
AR-10345,Alex Russell,Corporate,East
KD-16345,Katherine Ducich,Consumer,East
KS-16300,Karen Seio,Corporate,West
DP-13390,Dennis Pardue,Home Office,South
BD-11605,Brian Dahlen,Consumer,West
IL-15100,Ivan Liston,Consumer,East
LP-17095,Liz Preis,Consumer,Central
JD-16015,Joy Daniels,Consumer,West
DL-13330,Denise Leinenbach,Consumer,East
NC-18415,Nathan Cano,Consumer,Central
MS-17980,Michael Stewart,Corporate,East
TC-21535,Tracy Collins,Home Office,West
AB-10015,Aaron Bergman,Consumer,West
DP-13000,Darren Powers,Consumer,South
CY-12745,Craig Yedwab,Corporate,South
JR-16210,Justin Ritter,Corporate,South
AH-10210,Alan Hwang,Consumer,East
CL-12700,Craig Leslie,Home Office,West
AW-10930,Arthur Wiediger,Home Office,West
RB-19645,Robert Barroso,Corporate,South
KS-16300,Karen Seio,Corporate,South
SC-20050,Sample Company A,Home Office,West
AB-10060,Adam Bellavance,Home Office,West
CC-12475,Cindy Chapman,Consumer,West
TM-21010,Tamara Manning,Consumer,South
LR-17035,Lisa Ryan,Corporate,East
SW-20350,Sean Wendt,Home Office,East
TH-21100,Thea Hendricks,Consumer,East
SS-20410,Shahid Shariari,Consumer,West
CV-12295,Christina VanderZanden,Consumer,Central
BB-11545,Brenda Bowman,Corporate,East
HR-14770,Hallie Redmond,Home Office,Central
AI-10855,Arianne Irving,Consumer,West
KB-16240,Karen Bern,Corporate,East
AH-10465,Amy Hunt,Consumer,Central
CA-12265,Christina Anderson,Consumer,East
TT-21460,Tonja Turnell,Home Office,West
MB-18085,Mick Brown,Consumer,West
SV-20365,Seth Vernon,Consumer,Central
CG-12040,Catherine Glotzbach,Home Office,Central
BD-11500,Bradley Drucker,Consumer,West
JM-15580,Jill Matthias,Consumer,South
SC-20230,Scot Coram,Corporate,East
JM-15580,Jill Matthias,Consumer,West
KH-16690,Kristen Hastings,Corporate,East
BK-11260,Berenike Kampe,Consumer,Central
PN-18775,Parhena Norris,Home Office,West
AZ-10750,Annie Zypern,Consumer,Central
BM-11785,Bryan Mills,Consumer,South
HA-14905,Helen Abelman,Consumer,Central
DD-13570,Dorothy Dickinson,Consumer,East
MT-17815,Meg Tillman,Consumer,East
FG-14260,Frank Gastineau,Home Office,East
TS-21430,Tom Stivers,Corporate,Central
SW-20455,Shaun Weien,Consumer,West
FP-14320,Frank Preis,Consumer,East
JL-15175,James Lanier,Home Office,West
LS-17200,Luke Schmidt,Corporate,West
CS-11860,Cari Schnelling,Consumer,East
KW-16570,Kelly Williams,Consumer,Central
FC-14335,Fred Chung,Corporate,West
AJ-10795,Anthony Johnson,Corporate,East
JD-15790,John Dryer,Consumer,South
DK-12985,Darren Koutras,Consumer,West
RE-19450,Richard Eichhorn,Consumer,West
TM-21010,Tamara Manning,Consumer,East
YS-21880,Yana Sorensen,Corporate,East
LC-16930,Linda Cazamias,Corporate,East
CA-12775,Cynthia Arntzen,Consumer,Central
SR-20425,Sharelle Roach,Home Office,Central
PP-18955,Paul Prost,Home Office,Central
LS-17200,Luke Schmidt,Corporate,South
TM-21490,Tony Molinari,Consumer,West
TT-21265,Tim Taslimi,Corporate,Central
DN-13690,Duane Noonan,Consumer,East
EB-14110,Eugene Barchas,Consumer,West
CM-11815,Candace McMahon,Corporate,West
BF-11020,Barry Französisch,Corporate,West
EJ-14155,Eva Jacobs,Consumer,West
BN-11470,Brad Norvell,Corporate,East
EC-14050,Erin Creighton,Consumer,South
TT-21220,Thomas Thornton,Consumer,South
AH-10195,Alan Haines,Corporate,East
DL-13315,Delfina Latchford,Consumer,West
CB-12025,Cassandra Brandow,Consumer,West
PA-19060,Pete Armstrong,Home Office,South
BC-11125,Becky Castell,Home Office,Central
SP-20860,Sung Pak,Corporate,Central
BO-11350,Bill Overfelt,Corporate,Central
TM-21490,Tony Molinari,Consumer,East
AB-10165,Alan Barnes,Consumer,Central
BV-11245,Benjamin Venier,Corporate,East
SC-20260,Scott Cohen,Corporate,East
LS-17230,Lycoris Saunders,Consumer,West
MV-18190,Mike Vittorini,Consumer,Central
BD-11620,Brian DeCherney,Consumer,East
CV-12295,Christina VanderZanden,Consumer,East
AJ-10780,Anthony Jacobs,Corporate,West
DV-13465,Dianna Vittorini,Consumer,East
JK-15325,Jason Klamczynski,Corporate,Central
YC-21895,Yoseph Carroll,Corporate,Central
AH-10030,Aaron Hawkins,Corporate,West
AR-10540,Andy Reiter,Consumer,West
DW-13585,Dorothy Wardle,Corporate,South
CD-11920,Carlos Daly,Consumer,Central
EH-13990,Erica Hackney,Consumer,Central
AG-10495,Andrew Gjertsen,Corporate,Central
RP-19855,Roy Phan,Corporate,West
NB-18655,Nona Balk,Corporate,East
DM-13525,Don Miller,Corporate,Central
GR-14560,Georgia Rosenberg,Corporate,East
JG-15805,John Grady,Corporate,West
MC-17605,Matt Connell,Corporate,West
ML-18265,Muhammed Lee,Consumer,West
DM-13345,Denise Monton,Corporate,West
JE-15715,Joe Elijah,Consumer,Central
MH-17290,Marc Harrigan,Home Office,West
PR-18880,Patrick Ryan,Consumer,South
FC-14245,Frank Carlisle,Home Office,East
LH-16750,Larry Hughes,Consumer,West
DM-13525,Don Miller,Corporate,South
EH-14185,Evan Henry,Consumer,East
TA-21385,Tom Ashbrook,Home Office,Central
PJ-18835,Patrick Jones,Corporate,Central
MC-17605,Matt Connell,Corporate,East
TS-21205,Thomas Seio,Corporate,South
ST-20530,Shui Tom,Consumer,Central
DB-13210,Dean Braden,Consumer,West
Dp-13240,Dean percer,Home Office,Central
KB-16240,Karen Bern,Corporate,South
PB-19150,Philip Brown,Consumer,South
BF-11020,Barry Französisch,Corporate,South
CG-12520,Claire Gute,Consumer,Central
DH-13675,Duane Huffman,Home Office,West
TH-21115,Thea Hudgings,Corporate,East
JH-15430,Jennifer Halladay,Consumer,West
CK-12205,Chloris Kastensmidt,Consumer,West
EA-14035,Erin Ashbrook,Corporate,West
SC-20260,Scott Cohen,Corporate,South
TB-21355,Todd Boyes,Corporate,Central
JK-16090,Juliana Krohn,Consumer,Central
DB-12970,Darren Budd,Corporate,Central
JW-15220,Jane Waco,Corporate,South
SU-20665,Stephanie Ulpright,Home Office,Central
RF-19840,Roy Französisch,Consumer,West
PS-18970,Paul Stevenson,Home Office,East
VP-21730,Victor Preis,Home Office,East
ML-17395,Marina Lichtenstein,Corporate,East
JH-15430,Jennifer Halladay,Consumer,East
BP-11095,Bart Pistole,Corporate,East
SB-20185,Sarah Brown,Consumer,East
BS-11380,Bill Stewart,Corporate,East
FM-14215,Filia McAdams,Corporate,South
AF-10870,Art Ferguson,Consumer,West
BG-11035,Barry Gonzalez,Consumer,South
AB-10105,Adrian Barton,Consumer,East
DV-13045,Darrin Van Huff,Corporate,South
PP-18955,Paul Prost,Home Office,West
DR-12880,Dan Reichenbach,Corporate,South
RB-19465,Rick Bensley,Home Office,East
CR-12580,Clay Rozendal,Home Office,East
AT-10435,Alyssa Tate,Home Office,East
AG-10495,Andrew Gjertsen,Corporate,South
JB-16000,Joy Bell-,Consumer,West
PJ-18835,Patrick Jones,Corporate,West
BP-11230,Benjamin Patterson,Consumer,Central
CK-12205,Chloris Kastensmidt,Consumer,South
RB-19705,Roger Barcio,Home Office,Central
AH-10465,Amy Hunt,Consumer,West
AG-10765,Anthony Garverick,Home Office,Central
EB-14170,Evan Bailliet,Consumer,Central
CA-12055,Cathy Armstrong,Home Office,East
SS-20875,Sung Shariari,Consumer,East
HR-14770,Hallie Redmond,Home Office,East
AG-10900,Arthur Gainer,Consumer,South
RD-19720,Roger Demir,Consumer,Central
DW-13585,Dorothy Wardle,Corporate,West
AH-10690,Anna Häberlin,Corporate,Central
BP-11155,Becky Pak,Consumer,West
DH-13075,Dave Hallsten,Corporate,West
DK-13090,Dave Kipp,Consumer,East
SS-20410,Shahid Shariari,Consumer,Central
LC-17050,Liz Carlisle,Consumer,South
BW-11065,Barry Weirich,Consumer,South
JP-16135,Julie Prescott,Home Office,West
AR-10345,Alex Russell,Corporate,Central
BP-11290,Beth Paige,Consumer,West
JD-15790,John Dryer,Consumer,West
JK-16090,Juliana Krohn,Consumer,West
MG-18205,Mitch Gastineau,Corporate,South
LD-17005,Lisa DeCherney,Consumer,East
DL-13315,Delfina Latchford,Consumer,South
JD-16150,Justin Deggeller,Corporate,West
LS-17245,Lynn Smith,Consumer,East
CS-12175,Charles Sheldon,Corporate,West
KB-16405,Katrina Bavinger,Home Office,East
BP-11290,Beth Paige,Consumer,South
MJ-17740,Max Jones,Consumer,South
DO-13645,Doug O'Connell,Consumer,West
BS-11665,Brian Stugart,Consumer,West
DA-13450,Dianna Arnett,Home Office,South
JK-15730,Joe Kamberova,Consumer,West
MS-17530,MaryBeth Skach,Consumer,South
CM-12235,Chris McAfee,Consumer,South
BP-11185,Ben Peterman,Corporate,East
RD-19900,Ruben Dartt,Consumer,Central
MV-17485,Mark Van Huff,Consumer,East
LS-17245,Lynn Smith,Consumer,West
BP-11050,Barry Pond,Corporate,East
CC-12220,Chris Cortes,Consumer,South
JM-15580,Jill Matthias,Consumer,East
SS-20410,Shahid Shariari,Consumer,South
KD-16495,Keith Dawkins,Corporate,West
ZD-21925,Zuschuss Donatelli,Consumer,Central
SC-20680,Steve Carroll,Home Office,West
PF-19120,Peter Fuller,Consumer,East
RB-19435,Richard Bierner,Consumer,South
GD-14590,Giulietta Dortch,Corporate,West
RL-19615,Rob Lucas,Consumer,East
RW-19690,Robert Waldorf,Consumer,West
JM-15265,Janet Molinari,Corporate,West
SG-20890,Susan Gilcrest,Corporate,East
TS-21430,Tom Stivers,Corporate,East
MA-17560,Matt Abelman,Home Office,West
LR-17035,Lisa Ryan,Corporate,West
RR-19525,Rick Reed,Corporate,Central
SV-20935,Susan Vittorini,Consumer,West
JS-16030,Joy Smith,Consumer,South
NS-18640,Noel Staavos,Corporate,East
RF-19345,Randy Ferguson,Corporate,West
AG-10390,Allen Goldenen,Consumer,West
BD-11635,Brian Derr,Consumer,East
HG-15025,Hunter Glantz,Consumer,South
AC-10615,Ann Chong,Corporate,West
AH-10585,Angele Hood,Consumer,South
PG-18820,Patrick Gardner,Consumer,Central
AA-10645,Anna Andreadi,Consumer,South
CP-12085,Cathy Prescott,Corporate,West
BF-11215,Benjamin Farhat,Home Office,Central
TS-21655,Trudy Schmidt,Consumer,Central
KN-16705,Kristina Nunn,Home Office,East
AH-10465,Amy Hunt,Consumer,South
BG-11035,Barry Gonzalez,Consumer,Central
NZ-18565,Nick Zandusky,Home Office,Central
JE-15475,Jeremy Ellison,Consumer,Central
HR-14830,Harold Ryan,Corporate,South
SP-20920,Susan Pistek,Consumer,East
JR-16210,Justin Ritter,Corporate,West
SS-20140,Saphhira Shifley,Corporate,West
EH-13990,Erica Hackney,Consumer,East
EM-14200,Evan Minnotte,Home Office,South
TB-21190,Thomas Brumley,Home Office,East
AB-10165,Alan Barnes,Consumer,South
AO-10810,Anthony O'Donnell,Corporate,West
KN-16705,Kristina Nunn,Home Office,Central
NC-18415,Nathan Cano,Consumer,West
JF-15190,Jamie Frazer,Consumer,East
KM-16660,Khloe Miller,Consumer,West
AC-10660,Anna Chung,Consumer,West
JG-15310,Jason Gross,Corporate,West
RM-19375,Raymond Messe,Consumer,South
AG-10330,Alex Grayson,Consumer,Central
MC-17605,Matt Connell,Corporate,South
ES-14020,Erica Smith,Consumer,Central
MM-17920,Michael Moore,Consumer,South
MH-17440,Mark Haberlin,Corporate,East
AM-10705,Anne McFarland,Consumer,Central
MW-18220,Mitch Webber,Consumer,West
SB-20185,Sarah Brown,Consumer,Central
CM-12445,Chuck Magee,Consumer,Central
ME-18010,Michelle Ellison,Corporate,East
MC-17425,Mark Cousins,Corporate,East
BT-11530,Bradley Talbott,Home Office,East
NW-18400,Natalie Webber,Consumer,Central
JF-15415,Jennifer Ferguson,Consumer,West
AC-10420,Alyssa Crouse,Corporate,East
CR-12580,Clay Rozendal,Home Office,West
ML-17410,Maris LaWare,Consumer,Central
MC-17575,Matt Collins,Consumer,Central
VM-21685,Valerie Mitchum,Home Office,South
VW-21775,Victoria Wilson,Corporate,South
GK-14620,Grace Kelly,Corporate,Central
AT-10435,Alyssa Tate,Home Office,South
RO-19780,Rose O'Brian,Consumer,West
AT-10735,Annie Thurman,Consumer,South
BB-11545,Brenda Bowman,Corporate,West
AS-10285,Alejandro Savely,Corporate,Central
JH-15910,Jonathan Howell,Consumer,East
JK-15205,Jamie Kunitz,Consumer,East
ME-17725,Max Engle,Consumer,South
AZ-10750,Annie Zypern,Consumer,West
AJ-10780,Anthony Jacobs,Corporate,East
SF-20965,Sylvia Foulston,Corporate,West
SB-20170,Sarah Bern,Consumer,Central
AH-10210,Alan Hwang,Consumer,Central
NK-18490,Neil Knudson,Home Office,Central
LW-17125,Liz Willingham,Consumer,West
NG-18355,Nat Gilpin,Corporate,Central
SP-20860,Sung Pak,Corporate,South
RB-19795,Ross Baird,Home Office,Central
NB-18655,Nona Balk,Corporate,West
EM-14140,Eugene Moren,Home Office,East
PO-18850,Patrick O'Brill,Consumer,West
AG-10900,Arthur Gainer,Consumer,Central
BF-11275,Beth Fritzler,Corporate,South
BS-11590,Brendan Sweed,Corporate,East
FC-14245,Frank Carlisle,Home Office,West
DS-13030,Darrin Sayre,Home Office,East
TP-21565,Tracy Poddar,Corporate,Central
LA-16780,Laura Armstrong,Corporate,South
AW-10930,Arthur Wiediger,Home Office,East
TB-21595,Troy Blackwell,Consumer,East
TB-21250,Tim Brockman,Consumer,Central
AH-10120,Adrian Hane,Home Office,Central
BW-11110,Bart Watters,Corporate,West
AH-10120,Adrian Hane,Home Office,South
DR-12940,Daniel Raglin,Home Office,South
RD-19660,Robert Dilbeck,Home Office,West
DO-13645,Doug O'Connell,Consumer,East
CC-12370,Christopher Conant,Consumer,East
BW-11110,Bart Watters,Corporate,East
PR-18880,Patrick Ryan,Consumer,Central
BT-11680,Brian Thompson,Consumer,Central
EC-14050,Erin Creighton,Consumer,West
SP-20650,Stephanie Phelps,Corporate,East
VT-21700,Valerie Takahito,Home Office,Central
DB-13060,Dave Brooks,Consumer,South
NR-18550,Nick Radford,Consumer,South
JW-16075,Julia West,Consumer,South
MF-18250,Monica Federle,Corporate,East
FA-14230,Frank Atkinson,Corporate,South
SS-20515,Shirley Schmidt,Home Office,South
LC-17050,Liz Carlisle,Consumer,East
LD-16855,Lela Donovan,Corporate,Central
DK-13150,David Kendrick,Corporate,East
AR-10540,Andy Reiter,Consumer,Central
CC-12100,Chad Cunningham,Home Office,East
CA-11965,Carol Adams,Corporate,East
FH-14365,Fred Hopkins,Corporate,South
HK-14890,Heather Kirkland,Corporate,East
DP-13000,Darren Powers,Consumer,East
JH-16180,Justin Hirsh,Consumer,East
EB-13750,Edward Becker,Corporate,East
SC-20260,Scott Cohen,Corporate,Central
KM-16720,Kunst Miller,Consumer,Central
RD-19720,Roger Demir,Consumer,West
BG-11740,Bruce Geld,Consumer,South
JK-16090,Juliana Krohn,Consumer,South
MV-18190,Mike Vittorini,Consumer,West
VP-21760,Victoria Pisteka,Corporate,West
TB-21400,Tom Boeckenhauer,Consumer,East
NP-18685,Nora Pelletier,Home Office,South
MB-18085,Mick Brown,Consumer,South
OT-18730,Olvera Toch,Consumer,South
SB-20290,Sean Braxton,Corporate,West
TW-21025,Tamara Willingham,Home Office,South
DL-13330,Denise Leinenbach,Consumer,Central
SD-20485,Shirley Daniels,Home Office,West
HG-15025,Hunter Glantz,Consumer,West
SS-20515,Shirley Schmidt,Home Office,Central
BF-11170,Ben Ferrer,Home Office,East
PJ-19015,Pauline Johnson,Consumer,East
MF-17665,Maureen Fritzler,Corporate,South
BT-11680,Brian Thompson,Consumer,West
KB-16600,Ken Brennan,Corporate,East
AA-10375,Allen Armold,Consumer,East
TC-21145,Theresa Coyne,Corporate,East
DB-12970,Darren Budd,Corporate,East
CS-12175,Charles Sheldon,Corporate,East
CL-12700,Craig Leslie,Home Office,East
HF-14995,Herbert Flentye,Consumer,East
JH-15910,Jonathan Howell,Consumer,South
IM-15055,Ionia McGrath,Consumer,West
PS-18760,Pamela Stobb,Consumer,East
LO-17170,Lori Olson,Corporate,Central
PW-19030,Pauline Webber,Corporate,East
DP-13165,David Philippe,Consumer,Central
BM-11575,Brendan Murry,Corporate,West
BF-10975,Barbara Fisher,Corporate,East
NP-18670,Nora Paige,Consumer,West
BT-11440,Bobby Trafton,Consumer,Central
JO-15145,Jack O'Briant,Corporate,Central
MF-18250,Monica Federle,Corporate,South
MY-17380,Maribeth Yedwab,Corporate,Central
SC-20230,Scot Coram,Corporate,West
RF-19345,Randy Ferguson,Corporate,Central
VS-21820,Vivek Sundaresam,Consumer,Central
TN-21040,Tanja Norvell,Home Office,East
JS-15595,Jill Stevenson,Corporate,Central
BN-11470,Brad Norvell,Corporate,West
AR-10405,Allen Rosenblatt,Corporate,Central
JE-16165,Justin Ellison,Corporate,South
EM-13960,Eric Murdock,Consumer,West
EM-13825,Elizabeth Moffitt,Corporate,West
NP-18700,Nora Preis,Consumer,Central
SH-20635,Stefanie Holloman,Corporate,West
BM-11785,Bryan Mills,Consumer,West
HG-14965,Henry Goldwyn,Corporate,East
BM-11140,Becky Martin,Consumer,West
MS-17710,Maurice Satty,Consumer,South
PS-18760,Pamela Stobb,Consumer,Central
RD-19930,Russell D'Ascenzo,Consumer,West
HM-14980,Henry MacAllister,Consumer,West
AR-10570,Anemone Ratner,Consumer,South
TB-21190,Thomas Brumley,Home Office,West
JD-15895,Jonathan Doherty,Corporate,South
SO-20335,Sean O'Donnell,Consumer,West
JA-15970,Joseph Airdo,Consumer,Central
BB-11545,Brenda Bowman,Corporate,South
ME-18010,Michelle Ellison,Corporate,Central
DB-12910,Daniel Byrd,Home Office,West
RD-19585,Rob Dowd,Consumer,East
PB-19105,Peter Bühler,Consumer,South
AT-10735,Annie Thurman,Consumer,East
NM-18445,Nathan Mautz,Home Office,West
TR-21325,Toby Ritter,Consumer,South
JF-15355,Jay Fein,Consumer,East
CK-12205,Chloris Kastensmidt,Consumer,Central
JE-15715,Joe Elijah,Consumer,South
CD-11980,Carol Darley,Consumer,East
DF-13135,David Flashing,Consumer,East
SM-20005,Sally Matthias,Consumer,West
LH-16750,Larry Hughes,Consumer,East
KH-16330,Katharine Harms,Corporate,East
SS-20875,Sung Shariari,Consumer,South
TG-21640,Trudy Glocke,Consumer,Central
HP-14815,Harold Pawlan,Home Office,South
MH-17290,Marc Harrigan,Home Office,East
VD-21670,Valerie Dominguez,Consumer,Central
SR-20425,Sharelle Roach,Home Office,South
BP-11095,Bart Pistole,Corporate,South
JW-16075,Julia West,Consumer,Central
MS-17770,Maxwell Schwartz,Consumer,South
SG-20605,Speros Goranitis,Consumer,West
JK-15205,Jamie Kunitz,Consumer,South
JS-15880,John Stevenson,Consumer,South
VB-21745,Victoria Brennan,Corporate,East
MG-17890,Michael Granlund,Home Office,Central
BO-11425,Bobby Odegard,Consumer,East
CM-12115,Chad McGuire,Consumer,West
BP-11290,Beth Paige,Consumer,East
TG-21310,Toby Gnade,Consumer,East
RB-19360,Raymond Buch,Consumer,West
SC-20380,Shahid Collister,Consumer,East
SC-20305,Sean Christensen,Consumer,West
RL-19615,Rob Lucas,Consumer,West
SB-20170,Sarah Bern,Consumer,West
JS-15595,Jill Stevenson,Corporate,East
EM-13825,Elizabeth Moffitt,Corporate,South
EM-14140,Eugene Moren,Home Office,Central
GZ-14545,George Zrebassa,Corporate,West
PG-18895,Paul Gonzalez,Consumer,South
SJ-20215,Sarah Jordon,Consumer,South
JK-16120,Julie Kriz,Home Office,South
BS-11365,Bill Shonely,Corporate,Central
AG-10525,Andy Gerbode,Corporate,Central
CB-12415,Christy Brittain,Consumer,West
DO-13645,Doug O'Connell,Consumer,South
MG-18145,Mike Gockenbach,Consumer,Central
SC-20575,Sonia Cooley,Consumer,South
TN-21040,Tanja Norvell,Home Office,Central
ZC-21910,Zuschuss Carroll,Consumer,East
KH-16330,Katharine Harms,Corporate,West
SP-20650,Stephanie Phelps,Corporate,Central
RD-19660,Robert Dilbeck,Home Office,East
DS-13180,David Smith,Corporate,East
TG-21310,Toby Gnade,Consumer,South
ML-18265,Muhammed Lee,Consumer,South
AG-10270,Alejandro Grove,Consumer,Central
LT-16765,Larry Tron,Consumer,East
DD-13570,Dorothy Dickinson,Consumer,West
DM-12955,Dario Medina,Corporate,East
ME-17725,Max Engle,Consumer,Central
JS-15880,John Stevenson,Consumer,East
SC-20770,Stewart Carmichael,Corporate,East
MH-17440,Mark Haberlin,Corporate,South
JL-15235,Janet Lee,Consumer,West
VP-21760,Victoria Pisteka,Corporate,Central
RD-19810,Ross DeVincentis,Home Office,Central
MH-18025,Michelle Huthwaite,Consumer,South
FM-14380,Fred McMath,Consumer,Central
KH-16360,Katherine Hughes,Consumer,Central
AA-10315,Alex Avila,Consumer,East
LB-16795,Laurel Beltran,Home Office,West
PM-19135,Peter McVee,Home Office,East
JK-15325,Jason Klamczynski,Corporate,East
BW-11200,Ben Wallace,Consumer,Central
SH-20395,Shahid Hopkins,Consumer,West
SW-20245,Scot Wooten,Consumer,South
MV-17485,Mark Van Huff,Consumer,Central
CM-12715,Craig Molinari,Corporate,Central
JR-16210,Justin Ritter,Corporate,Central
DL-12925,Daniel Lacy,Consumer,East
KN-16390,Katherine Nockton,Corporate,Central
FH-14275,Frank Hawley,Corporate,South
SW-20755,Steven Ward,Corporate,West
PN-18775,Parhena Norris,Home Office,Central
EJ-13720,Ed Jacobs,Consumer,East
KH-16690,Kristen Hastings,Corporate,South
BS-11665,Brian Stugart,Consumer,Central
BH-11710,Brosina Hoffman,Consumer,Central
CM-12235,Chris McAfee,Consumer,East
SS-20515,Shirley Schmidt,Home Office,East
KH-16360,Katherine Hughes,Consumer,South
CA-11965,Carol Adams,Corporate,West
DL-12925,Daniel Lacy,Consumer,South
FW-14395,Fred Wasserman,Corporate,South
PS-18970,Paul Stevenson,Home Office,West
SC-20575,Sonia Cooley,Consumer,West
SG-20605,Speros Goranitis,Consumer,South
NB-18580,Nicole Brennan,Corporate,South
TS-21655,Trudy Schmidt,Consumer,West
JG-15115,Jack Garza,Consumer,South
KM-16375,Katherine Murray,Home Office,East
RS-19420,Ricardo Sperren,Corporate,South
SV-20815,Stuart Van,Corporate,West
JB-15925,Joni Blumstein,Consumer,West
PB-19105,Peter Bühler,Consumer,East
TS-21505,Tony Sayre,Consumer,East
TN-21040,Tanja Norvell,Home Office,South
DG-13300,Deirdre Greer,Corporate,West
AG-10330,Alex Grayson,Consumer,South
CM-11935,Carlos Meador,Consumer,West
EK-13795,Eileen Kiefer,Home Office,Central
CW-11905,Carl Weiss,Home Office,East
KH-16510,Keith Herrera,Consumer,South
AB-10600,Ann Blume,Corporate,South
JP-15460,Jennifer Patt,Corporate,Central
CC-12550,Clay Cheatham,Consumer,Central
SL-20155,Sara Luxemburg,Home Office,West
LB-16735,Larry Blacks,Consumer,South
CS-12505,Cindy Stewart,Consumer,East
ER-13855,Elpida Rittenbach,Corporate,South
LW-17215,Luke Weiss,Consumer,Central
BP-11050,Barry Pond,Corporate,Central
BW-11065,Barry Weirich,Consumer,East
VS-21820,Vivek Sundaresam,Consumer,South
MG-17680,Maureen Gastineau,Home Office,West
GW-14605,Giulietta Weimer,Consumer,South
PW-19030,Pauline Webber,Corporate,West
MB-18085,Mick Brown,Consumer,Central
CR-12820,Cyra Reiten,Home Office,South
GM-14500,Gene McClure,Consumer,Central
DW-13540,Don Weiss,Consumer,Central
TS-21205,Thomas Seio,Corporate,Central
SM-20320,Sean Miller,Home Office,West
LW-16825,Laurel Workman,Corporate,East
DB-13360,Dennis Bolton,Home Office,West
MO-17950,Michael Oakman,Consumer,South
JS-15685,Jim Sink,Corporate,East
TS-21655,Trudy Schmidt,Consumer,South
DO-13645,Doug O'Connell,Consumer,Central
JE-15715,Joe Elijah,Consumer,East
EM-14200,Evan Minnotte,Home Office,Central
MC-17425,Mark Cousins,Corporate,West
SC-20380,Shahid Collister,Consumer,Central
JS-15685,Jim Sink,Corporate,South
CC-12610,Corey Catlett,Corporate,West
JK-15625,Jim Karlsson,Consumer,South
EH-13765,Edward Hooks,Corporate,Central
VM-21835,Vivian Mathis,Consumer,South
BS-11365,Bill Shonely,Corporate,West
KD-16270,Karen Daniels,Consumer,West
AA-10645,Anna Andreadi,Consumer,Central
TB-21625,Trudy Brown,Consumer,East
DM-13525,Don Miller,Corporate,East
JC-15775,John Castell,Consumer,West
PV-18985,Paul Van Hugh,Home Office,East
JM-16195,Justin MacKendrick,Consumer,South
CM-12715,Craig Molinari,Corporate,East
TC-20980,Tamara Chand,Corporate,East
JM-15250,Janet Martin,Consumer,Central
LC-16960,Lindsay Castell,Home Office,South
JL-15130,Jack Lebron,Consumer,South
SR-20425,Sharelle Roach,Home Office,East
SB-20185,Sarah Brown,Consumer,West
CR-12820,Cyra Reiten,Home Office,Central
JM-15865,John Murray,Consumer,Central
LW-16825,Laurel Workman,Corporate,Central
CS-12490,Cindy Schnelling,Corporate,South
BF-11215,Benjamin Farhat,Home Office,East
NK-18490,Neil Knudson,Home Office,East
JD-15790,John Dryer,Consumer,East
JJ-15445,Jennifer Jackson,Consumer,East
HE-14800,Harold Engle,Corporate,Central
SS-20410,Shahid Shariari,Consumer,East
BM-11575,Brendan Murry,Corporate,Central
DM-12955,Dario Medina,Corporate,South
MC-17845,Michael Chen,Consumer,Central
ML-17395,Marina Lichtenstein,Corporate,South
AB-10015,Aaron Bergman,Consumer,Central
PF-19165,Philip Fox,Consumer,South
CJ-12010,Caroline Jumper,Consumer,South
PT-19090,Pete Takahito,Consumer,South
BS-11365,Bill Shonely,Corporate,South
CS-12400,Christopher Schild,Home Office,East
DK-12895,Dana Kaydos,Consumer,West
MY-18295,Muhammed Yedwab,Corporate,West
ND-18460,Neil Ducich,Corporate,East
DH-13675,Duane Huffman,Home Office,South
LC-16885,Lena Creighton,Consumer,East
OT-18730,Olvera Toch,Consumer,Central
GW-14605,Giulietta Weimer,Consumer,Central
HM-14980,Henry MacAllister,Consumer,South
SF-20065,Sandra Flanagan,Consumer,Central
FC-14245,Frank Carlisle,Home Office,South
TC-20980,Tamara Chand,Corporate,South
GM-14440,Gary McGarr,Consumer,South
BO-11350,Bill Overfelt,Corporate,East
XP-21865,Xylona Preis,Consumer,South
JL-15235,Janet Lee,Consumer,South
SV-20365,Seth Vernon,Consumer,West
MF-18250,Monica Federle,Corporate,Central
MH-17440,Mark Haberlin,Corporate,Central
CD-12790,Cynthia Delaney,Home Office,East
JB-16045,Julia Barnett,Home Office,East
EJ-14155,Eva Jacobs,Consumer,East
BD-11620,Brian DeCherney,Consumer,South
MR-17545,Mathew Reese,Home Office,Central
SM-20950,Suzanne McNair,Corporate,West
HE-14800,Harold Engle,Corporate,East
TH-21100,Thea Hendricks,Consumer,South
MD-17350,Maribeth Dona,Consumer,Central
AH-10075,Adam Hart,Corporate,Central
NP-18670,Nora Paige,Consumer,East
RP-19390,Resi Pölking,Consumer,West
KN-16450,Kean Nguyen,Corporate,East
RA-19945,Ryan Akin,Consumer,East
MM-17260,Magdelene Morse,Consumer,West
BN-11470,Brad Norvell,Corporate,Central
TH-21115,Thea Hudgings,Corporate,Central
DR-12940,Daniel Raglin,Home Office,West
IG-15085,Ivan Gibson,Consumer,East
GM-14500,Gene McClure,Consumer,South
NC-18625,Noah Childs,Corporate,East
BF-11020,Barry Französisch,Corporate,East
DP-13390,Dennis Pardue,Home Office,East
BD-11560,Brendan Dodson,Home Office,West
SE-20110,Sanjit Engle,Consumer,South
CC-12685,Craig Carroll,Consumer,Central
NS-18640,Noel Staavos,Corporate,South
EM-14065,Erin Mull,Consumer,Central
ME-17320,Maria Etezadi,Home Office,West
BS-11755,Bruce Stewart,Consumer,Central
HD-14785,Harold Dahlen,Home Office,East
KB-16315,Karl Braun,Consumer,West
DS-13180,David Smith,Corporate,South
CB-12025,Cassandra Brandow,Consumer,South
PM-18940,Paul MacIntyre,Consumer,South
DJ-13420,Denny Joy,Corporate,Central
MH-17440,Mark Haberlin,Corporate,West
FC-14335,Fred Chung,Corporate,East
PM-19135,Peter McVee,Home Office,South
GD-14590,Giulietta Dortch,Corporate,South
PA-19060,Pete Armstrong,Home Office,West
CA-12310,Christine Abelman,Corporate,Central
BT-11440,Bobby Trafton,Consumer,East
BD-11770,Bryan Davis,Consumer,West
EM-14095,Eudokia Martin,Corporate,East
LC-17050,Liz Carlisle,Consumer,Central
CM-12235,Chris McAfee,Consumer,West
AG-10525,Andy Gerbode,Corporate,East
OT-18730,Olvera Toch,Consumer,East
DB-13120,David Bremer,Corporate,Central
MH-17455,Mark Hamilton,Consumer,West
RR-19525,Rick Reed,Corporate,South
MH-17620,Matt Hagelstein,Corporate,East
HZ-14950,Henia Zydlo,Consumer,South
JG-15160,James Galang,Consumer,Central
CJ-11875,Carl Jackson,Corporate,East
SR-20740,Steven Roelle,Home Office,South
AY-10555,Andy Yotov,Corporate,East
CR-12625,Corey Roper,Home Office,Central
NF-18475,Neil Französisch,Home Office,West
MH-17290,Marc Harrigan,Home Office,South
CS-12250,Chris Selesnick,Corporate,East
RB-19465,Rick Bensley,Home Office,South
FO-14305,Frank Olsen,Consumer,West
LC-16960,Lindsay Castell,Home Office,East
SW-20455,Shaun Weien,Consumer,East
KF-16285,Karen Ferguson,Home Office,South
JC-16105,Julie Creighton,Corporate,Central
TT-21460,Tonja Turnell,Home Office,South
SN-20560,Skye Norling,Home Office,East
JM-15865,John Murray,Consumer,South
RB-19435,Richard Bierner,Consumer,East
TC-21295,Toby Carlisle,Consumer,Central
MY-18295,Muhammed Yedwab,Corporate,South
FC-14245,Frank Carlisle,Home Office,Central
CR-12625,Corey Roper,Home Office,South
LC-16960,Lindsay Castell,Home Office,West
EM-14095,Eudokia Martin,Corporate,South
SU-20665,Stephanie Ulpright,Home Office,East
SA-20830,Sue Ann Reed,Consumer,East
DF-13135,David Flashing,Consumer,Central
FP-14320,Frank Preis,Consumer,Central
SW-20245,Scot Wooten,Consumer,Central
NC-18535,Nick Crebassa,Corporate,East
AS-10090,Adam Shillingsburg,Consumer,West
VG-21790,Vivek Gonzalez,Consumer,South
RO-19780,Rose O'Brian,Consumer,Central
LW-17125,Liz Willingham,Consumer,South
CC-12370,Christopher Conant,Consumer,Central
RD-19900,Ruben Dartt,Consumer,East
CS-11860,Cari Schnelling,Consumer,Central
DL-13315,Delfina Latchford,Consumer,Central
VP-21760,Victoria Pisteka,Corporate,South
HG-14845,Harry Greene,Consumer,Central
TB-21280,Toby Braunhardt,Consumer,West
BP-11050,Barry Pond,Corporate,West
VP-21760,Victoria Pisteka,Corporate,East
EM-13960,Eric Murdock,Consumer,Central
ND-18460,Neil Ducich,Corporate,West
KM-16225,Kalyca Meade,Corporate,West
SL-20155,Sara Luxemburg,Home Office,East
ED-13885,Emily Ducich,Home Office,East
LO-17170,Lori Olson,Corporate,South
LR-17035,Lisa Ryan,Corporate,Central
SV-20785,Stewart Visinsky,Consumer,Central
MA-17995,Michelle Arnett,Home Office,South
NS-18505,Neola Schneider,Consumer,East
JK-15325,Jason Klamczynski,Corporate,West
FW-14395,Fred Wasserman,Corporate,East
KM-16660,Khloe Miller,Consumer,East
GH-14410,Gary Hansen,Home Office,South
MG-17695,Maureen Gnade,Consumer,Central
JL-15505,Jeremy Lonsdale,Consumer,West
SM-20320,Sean Miller,Home Office,East
BB-10990,Barry Blumstein,Corporate,Central
NR-18550,Nick Radford,Consumer,East
RS-19870,Roy Skaria,Home Office,Central
FM-14290,Frank Merwin,Home Office,Central
PW-19030,Pauline Webber,Corporate,Central
SU-20665,Stephanie Ulpright,Home Office,West
MY-17380,Maribeth Yedwab,Corporate,South
CP-12085,Cathy Prescott,Corporate,South
SC-20305,Sean Christensen,Consumer,East
JH-15820,John Huston,Consumer,South
RS-19765,Roland Schwarz,Corporate,Central
AM-10360,Alice McCarthy,Corporate,East
KD-16615,Ken Dana,Corporate,East
SM-20005,Sally Matthias,Consumer,Central
DB-13660,Duane Benoit,Consumer,West
AJ-10945,Ashley Jarboe,Consumer,West
CK-12325,Christine Kargatis,Home Office,East
JF-15415,Jennifer Ferguson,Consumer,Central
RD-19480,Rick Duston,Consumer,East
KB-16600,Ken Brennan,Corporate,West
DP-13105,Dave Poirier,Corporate,Central
CC-12670,Craig Carreira,Consumer,South
SC-20845,Sung Chung,Consumer,Central
MH-17620,Matt Hagelstein,Corporate,Central
RE-19405,Ricardo Emerson,Consumer,East
HR-14770,Hallie Redmond,Home Office,South
DN-13690,Duane Noonan,Consumer,Central
BW-11110,Bart Watters,Corporate,South
BS-11590,Brendan Sweed,Corporate,South
JS-16030,Joy Smith,Consumer,East
CD-12280,Christina DeMoss,Consumer,East
CM-12385,Christopher Martinez,Consumer,West
EC-14050,Erin Creighton,Consumer,Central
VM-21835,Vivian Mathis,Consumer,West
AB-10060,Adam Bellavance,Home Office,Central
KW-16570,Kelly Williams,Consumer,West
BE-11410,Bobby Elias,Consumer,Central
NF-18475,Neil Französisch,Home Office,South
MS-17710,Maurice Satty,Consumer,East
SG-20605,Speros Goranitis,Consumer,Central
AC-10615,Ann Chong,Corporate,Central
MR-17545,Mathew Reese,Home Office,West
BW-11200,Ben Wallace,Consumer,East
RP-19270,Rachel Payne,Corporate,Central
SC-20020,Sam Craven,Consumer,East
BD-11560,Brendan Dodson,Home Office,South
SM-20905,Susan MacKendrick,Consumer,East
CG-12040,Catherine Glotzbach,Home Office,West
TG-21640,Trudy Glocke,Consumer,South
SF-20065,Sandra Flanagan,Consumer,West
RS-19870,Roy Skaria,Home Office,East
HJ-14875,Heather Jas,Home Office,Central
SV-20815,Stuart Van,Corporate,South
BE-11410,Bobby Elias,Consumer,West
HD-14785,Harold Dahlen,Home Office,Central
BF-11005,Barry Franz,Home Office,Central
TP-21130,Theone Pippenger,Consumer,West
TD-20995,Tamara Dahlen,Consumer,South
EG-13900,Emily Grady,Consumer,South
CS-11950,Carlos Soltero,Consumer,South
MH-17785,Maya Herman,Corporate,Central
JH-15985,Joseph Holt,Consumer,South
CM-12715,Craig Molinari,Corporate,West
MW-18220,Mitch Webber,Consumer,Central
GK-14620,Grace Kelly,Corporate,South
JL-15850,John Lucas,Consumer,Central
CS-12490,Cindy Schnelling,Corporate,East
FW-14395,Fred Wasserman,Corporate,West
SC-20695,Steve Chapman,Corporate,East
JS-16030,Joy Smith,Consumer,West
EB-14170,Evan Bailliet,Consumer,West
NC-18535,Nick Crebassa,Corporate,South
LC-16870,Lena Cacioppo,Consumer,South
PF-19225,Phillip Flathmann,Consumer,South
EM-13825,Elizabeth Moffitt,Corporate,East
CJ-12010,Caroline Jumper,Consumer,Central
TB-21595,Troy Blackwell,Consumer,West
CY-12745,Craig Yedwab,Corporate,East
DL-12865,Dan Lawera,Consumer,West
GA-14515,George Ashbrook,Consumer,South
LP-17095,Liz Preis,Consumer,East
SC-20845,Sung Chung,Consumer,West
JF-15490,Jeremy Farry,Consumer,Central
DH-13075,Dave Hallsten,Corporate,East
SC-20575,Sonia Cooley,Consumer,East
MD-17350,Maribeth Dona,Consumer,West
NH-18610,Nicole Hansen,Corporate,East
CL-12700,Craig Leslie,Home Office,South
CM-12655,Corinna Mitchell,Home Office,Central
MP-17470,Mark Packer,Home Office,South
RC-19960,Ryan Crowe,Consumer,Central
AP-10720,Anne Pryor,Home Office,West
